barangay_name,lgu_name,total_ha,canopy_pct_v6_2019,canopy_pct_v6_2020,canopy_pct_v6_2021,canopy_pct_v6_2022,canopy_pct_v6_2023,canopy_pct_v6_2024,canopy_pct_v6_2025,canopy_pct_v6_2026,canopy_ha_v6_2019,canopy_ha_v6_2020,canopy_ha_v6_2021,canopy_ha_v6_2022,canopy_ha_v6_2023,canopy_ha_v6_2024,canopy_ha_v6_2025,canopy_ha_v6_2026
BF Homes Caloocan,Caloocan,62.1,9.401,9.764,10.084,8.906,10.988,8.971,12.757,9.29,5.8,6.1,6.3,5.5,6.8,5.6,7.9,5.8
Bagbaguin,Caloocan,92.0,5.061,5.138,5.967,4.812,5.545,4.403,7.835,2.921,4.7,4.7,5.5,4.4,5.1,4.0,7.2,2.7
Bagumbong,Caloocan,588.8,12.031,10.806,14.14,12.772,13.393,10.108,11.278,10.005,70.8,63.6,83.2,75.2,78.9,59.5,66.4,58.9
Barangay 1,Caloocan,4.1,3.467,5.883,5.405,4.241,4.766,6.606,5.809,4.841,0.1,0.2,0.2,0.2,0.2,0.3,0.2,0.2
Barangay 10,Caloocan,3.8,3.354,6.071,4.108,3.401,4.992,3.823,4.564,4.769,0.1,0.2,0.2,0.1,0.2,0.1,0.2,0.2
Barangay 100,Caloocan,4.4,4.219,6.269,4.012,5.096,3.697,6.155,6.953,4.652,0.2,0.3,0.2,0.2,0.2,0.3,0.3,0.2
Barangay 101,Caloocan,11.4,2.935,3.287,1.307,2.347,1.583,2.602,3.597,3.104,0.3,0.4,0.1,0.3,0.2,0.3,0.4,0.4
Barangay 102,Caloocan,2.4,0.552,2.982,0.12,0.869,0.723,3.17,2.482,2.347,0.0,0.1,0.0,0.0,0.0,0.1,0.1,0.1
Barangay 103,Caloocan,7.0,1.334,2.411,1.641,1.173,1.336,2.013,1.431,3.452,0.1,0.2,0.1,0.1,0.1,0.1,0.1,0.2
Barangay 104,Caloocan,7.5,0.273,3.0,1.721,0.957,1.254,2.505,0.944,3.226,0.0,0.2,0.1,0.1,0.1,0.2,0.1,0.2
Barangay 105,Caloocan,8.4,0.036,2.79,0.282,0.679,0.804,1.005,0.485,4.198,0.0,0.2,0.0,0.1,0.1,0.1,0.0,0.4
Barangay 106,Caloocan,5.7,1.137,4.254,0.757,1.102,0.249,3.751,1.635,4.471,0.1,0.2,0.0,0.1,0.0,0.2,0.1,0.3
Barangay 107,Caloocan,4.8,0.907,3.741,0.725,0.78,0.517,3.031,1.354,4.09,0.0,0.2,0.0,0.0,0.0,0.1,0.1,0.2
Barangay 108,Caloocan,4.9,0.031,2.05,0.541,0.635,0.534,1.456,0.862,2.798,0.0,0.1,0.0,0.0,0.0,0.1,0.0,0.1
Barangay 109,Caloocan,7.0,0.262,3.782,1.841,1.385,1.353,3.658,1.516,4.194,0.0,0.3,0.1,0.1,0.1,0.3,0.1,0.3
Barangay 11,Caloocan,4.2,0.471,2.176,2.187,0.859,0.267,0.824,0.154,2.352,0.0,0.1,0.1,0.0,0.0,0.0,0.0,0.1
Barangay 110,Caloocan,2.5,3.043,2.406,1.96,2.716,0.254,1.8,0.236,1.546,0.1,0.1,0.0,0.1,0.0,0.0,0.0,0.0
Barangay 111,Caloocan,2.5,2.626,2.261,1.987,2.046,0.258,1.365,0.419,0.776,0.1,0.1,0.1,0.1,0.0,0.0,0.0,0.0
Barangay 112,Caloocan,2.4,0.032,3.051,1.275,0.444,0.47,0.221,0.786,0.649,0.0,0.1,0.0,0.0,0.0,0.0,0.0,0.0
Barangay 113,Caloocan,2.4,2.678,2.476,1.439,2.146,0.536,0.709,0.102,1.277,0.1,0.1,0.0,0.1,0.0,0.0,0.0,0.0
Barangay 114,Caloocan,1.6,3.162,2.037,1.539,2.398,0.514,0.893,0.0,0.728,0.0,0.0,0.0,0.0,0.0,0.0,0.0,0.0
Barangay 115,Caloocan,1.4,2.135,2.451,1.367,0.899,0.236,0.732,0.897,0.865,0.0,0.0,0.0,0.0,0.0,0.0,0.0,0.0
Barangay 116,Caloocan,2.6,3.036,2.617,1.168,0.0,0.137,1.269,2.338,1.893,0.1,0.1,0.0,0.0,0.0,0.0,0.1,0.0
Barangay 117,Caloocan,3.2,0.408,3.158,0.433,0.325,1.225,0.323,0.185,2.318,0.0,0.1,0.0,0.0,0.0,0.0,0.0,0.1
Barangay 118,Caloocan,36.6,7.964,9.791,8.37,6.461,6.364,7.769,9.561,5.648,2.9,3.6,3.1,2.4,2.3,2.8,3.5,2.1
Barangay 119,Caloocan,4.1,0.253,1.036,1.414,2.07,0.609,0.705,1.348,2.66,0.0,0.0,0.1,0.1,0.0,0.0,0.1,0.1
Barangay 12,Caloocan,31.8,1.13,2.021,2.647,1.422,1.561,1.606,0.73,1.898,0.4,0.6,0.8,0.5,0.5,0.5,0.2,0.6
Barangay 120,Caloocan,6.0,1.519,2.629,2.667,2.591,3.056,3.942,2.752,3.885,0.1,0.2,0.2,0.2,0.2,0.2,0.2,0.2
Barangay 121,Caloocan,5.1,2.263,4.998,3.05,1.31,2.917,1.045,0.126,0.311,0.1,0.3,0.2,0.1,0.1,0.1,0.0,0.0
Barangay 122,Caloocan,5.1,0.0,1.965,0.0,0.755,0.021,1.316,0.276,0.117,0.0,0.1,0.0,0.0,0.0,0.1,0.0,0.0
Barangay 123,Caloocan,2.2,4.637,7.209,6.304,3.42,3.107,2.36,1.935,2.378,0.1,0.2,0.1,0.1,0.1,0.1,0.0,0.1
Barangay 124,Caloocan,3.2,3.372,6.085,5.289,3.454,2.404,2.66,1.862,1.729,0.1,0.2,0.2,0.1,0.1,0.1,0.1,0.1
Barangay 125,Caloocan,3.0,0.703,2.783,1.745,1.608,0.448,1.966,1.422,0.366,0.0,0.1,0.1,0.0,0.0,0.1,0.0,0.0
Barangay 126,Caloocan,3.9,1.334,2.222,3.212,2.729,0.648,3.275,3.204,0.841,0.1,0.1,0.1,0.1,0.0,0.1,0.1,0.0
Barangay 127,Caloocan,4.3,1.927,2.476,3.837,4.721,1.469,3.559,7.401,3.111,0.1,0.1,0.2,0.2,0.1,0.2,0.3,0.1
Barangay 128,Caloocan,4.0,2.223,5.828,3.33,0.986,2.0,3.062,5.888,3.459,0.1,0.2,0.1,0.0,0.1,0.1,0.2,0.1
Barangay 129,Caloocan,2.3,3.267,8.542,5.362,1.205,3.318,4.861,5.892,3.175,0.1,0.2,0.1,0.0,0.1,0.1,0.1,0.1
Barangay 13,Caloocan,3.8,1.003,1.835,3.41,1.111,0.665,1.842,1.594,5.962,0.0,0.1,0.1,0.0,0.0,0.1,0.1,0.2
Barangay 130,Caloocan,2.8,1.787,4.532,6.397,3.947,4.485,5.299,2.77,4.196,0.0,0.1,0.2,0.1,0.1,0.1,0.1,0.1
Barangay 131,Caloocan,4.7,0.0,0.024,0.0,0.093,2.242,0.0,0.407,0.793,0.0,0.0,0.0,0.0,0.1,0.0,0.0,0.0
Barangay 132,Caloocan,5.2,0.559,1.355,2.525,0.635,0.43,2.088,0.999,2.016,0.0,0.1,0.1,0.0,0.0,0.1,0.1,0.1
Barangay 133,Caloocan,3.4,0.494,1.186,1.76,0.628,0.239,1.457,1.36,2.342,0.0,0.0,0.1,0.0,0.0,0.0,0.0,0.1
Barangay 134,Caloocan,8.9,4.107,2.11,3.675,1.443,0.16,1.372,2.186,2.927,0.4,0.2,0.3,0.1,0.0,0.1,0.2,0.3
Barangay 135,Caloocan,7.6,3.716,2.337,3.742,1.971,0.432,1.818,2.253,3.3,0.3,0.2,0.3,0.1,0.0,0.1,0.2,0.3
Barangay 136,Caloocan,9.2,1.136,3.847,2.028,0.0,0.326,1.955,1.367,1.868,0.1,0.4,0.2,0.0,0.0,0.2,0.1,0.2
Barangay 137,Caloocan,8.4,4.198,3.251,4.693,2.879,0.679,3.501,3.559,4.311,0.4,0.3,0.4,0.2,0.1,0.3,0.3,0.4
Barangay 138,Caloocan,8.3,1.525,2.673,2.07,1.537,0.443,1.717,2.26,0.98,0.1,0.2,0.2,0.1,0.0,0.1,0.2,0.1
Barangay 139,Caloocan,8.4,1.528,3.039,3.042,3.506,0.912,2.782,3.008,1.346,0.1,0.3,0.3,0.3,0.1,0.2,0.3,0.1
Barangay 14,Caloocan,28.0,1.006,1.909,1.504,1.626,1.201,1.345,1.452,3.226,0.3,0.5,0.4,0.5,0.3,0.4,0.4,0.9
Barangay 140,Caloocan,5.8,2.676,1.806,0.822,2.91,1.577,3.838,5.353,2.863,0.2,0.1,0.0,0.2,0.1,0.2,0.3,0.2
Barangay 141,Caloocan,5.9,0.878,0.829,0.904,1.961,0.443,2.833,3.058,1.154,0.1,0.0,0.1,0.1,0.0,0.2,0.2,0.1
Barangay 142,Caloocan,2.7,0.0,0.258,0.935,0.0,0.0,1.023,0.083,0.338,0.0,0.0,0.0,0.0,0.0,0.0,0.0,0.0
Barangay 143,Caloocan,2.4,0.0,0.392,0.0,0.0,0.444,0.647,1.91,1.24,0.0,0.0,0.0,0.0,0.0,0.0,0.0,0.0
Barangay 144,Caloocan,3.1,0.639,0.708,0.0,0.748,0.626,1.308,2.193,1.095,0.0,0.0,0.0,0.0,0.0,0.0,0.1,0.0
Barangay 145,Caloocan,3.0,0.0,0.111,0.0,0.039,0.032,0.306,0.0,0.185,0.0,0.0,0.0,0.0,0.0,0.0,0.0,0.0
Barangay 146,Caloocan,2.5,0.198,1.613,0.046,0.232,0.139,1.033,0.485,0.185,0.0,0.0,0.0,0.0,0.0,0.0,0.0,0.0
Barangay 147,Caloocan,3.6,0.21,0.257,0.617,0.973,0.147,1.884,2.076,0.539,0.0,0.0,0.0,0.0,0.0,0.1,0.1,0.0
Barangay 148,Caloocan,2.1,0.076,1.519,0.022,0.0,0.149,0.85,0.0,0.0,0.0,0.0,0.0,0.0,0.0,0.0,0.0,0.0
Barangay 149,Caloocan,4.8,0.71,0.111,0.209,0.049,1.483,1.888,0.055,0.235,0.0,0.0,0.0,0.0,0.1,0.1,0.0,0.0
Barangay 15,Caloocan,5.7,1.273,3.523,3.351,0.854,2.459,3.99,3.289,4.373,0.1,0.2,0.2,0.0,0.1,0.2,0.2,0.3
Barangay 150,Caloocan,3.9,0.121,0.184,0.598,0.0,0.627,2.216,1.032,0.004,0.0,0.0,0.0,0.0,0.0,0.1,0.0,0.0
Barangay 151,Caloocan,2.4,0.0,1.074,0.952,0.0,0.0,1.628,2.227,0.076,0.0,0.0,0.0,0.0,0.0,0.0,0.1,0.0
Barangay 152,Caloocan,3.1,1.286,1.397,1.984,2.55,1.727,4.454,1.218,1.245,0.0,0.0,0.1,0.1,0.1,0.1,0.0,0.0
Barangay 153,Caloocan,3.0,0.392,0.127,0.241,0.0,0.823,3.888,1.098,0.0,0.0,0.0,0.0,0.0,0.0,0.1,0.0,0.0
Barangay 154,Caloocan,3.5,0.482,2.412,0.348,0.0,0.0,2.853,2.884,0.147,0.0,0.1,0.0,0.0,0.0,0.1,0.1,0.0
Barangay 155,Caloocan,3.3,1.017,0.61,1.832,0.846,2.643,3.153,1.761,0.338,0.0,0.0,0.1,0.0,0.1,0.1,0.1,0.0
Barangay 156,Caloocan,2.7,3.238,6.147,3.85,6.152,4.827,5.589,6.08,1.419,0.1,0.2,0.1,0.2,0.1,0.2,0.2,0.0
Barangay 157,Caloocan,3.2,3.002,4.09,4.449,4.361,5.717,4.711,4.965,1.136,0.1,0.1,0.1,0.1,0.2,0.2,0.2,0.0
Barangay 158,Caloocan,27.5,4.783,4.957,8.176,9.869,9.782,6.827,8.138,5.698,1.3,1.4,2.3,2.7,2.7,1.9,2.2,1.6
Barangay 159,Caloocan,54.2,3.997,7.241,5.08,5.732,4.41,6.377,5.668,3.889,2.2,3.9,2.8,3.1,2.4,3.5,3.1,2.1
Barangay 16,Caloocan,6.2,1.045,0.197,0.597,0.708,1.572,1.288,1.785,2.946,0.1,0.0,0.0,0.0,0.1,0.1,0.1,0.2
Barangay 160,Caloocan,49.3,3.636,8.109,5.631,3.292,2.499,4.747,4.758,2.259,1.8,4.0,2.8,1.6,1.2,2.3,2.3,1.1
Barangay 161,Caloocan,51.3,7.525,15.379,13.58,6.503,8.449,10.795,10.118,5.226,3.9,7.9,7.0,3.3,4.3,5.5,5.2,2.7
Barangay 162,Caloocan,49.8,7.487,10.814,8.088,8.421,7.326,8.246,7.901,5.305,3.7,5.4,4.0,4.2,3.6,4.1,3.9,2.6
Barangay 163,Caloocan,28.8,3.793,5.388,5.37,6.698,4.36,6.667,7.963,4.821,1.1,1.6,1.5,1.9,1.3,1.9,2.3,1.4
Barangay 164,Caloocan,55.9,5.982,6.935,4.861,8.325,5.978,7.458,7.034,6.866,3.3,3.9,2.7,4.7,3.3,4.2,3.9,3.8
Barangay 17,Caloocan,4.8,1.528,6.585,6.181,1.306,4.464,4.808,2.917,3.735,0.1,0.3,0.3,0.1,0.2,0.2,0.1,0.2
Barangay 170,Caloocan,45.4,8.303,8.391,11.224,8.94,13.29,9.93,11.354,8.166,3.8,3.8,5.1,4.1,6.0,4.5,5.2,3.7
Barangay 172,Caloocan,137.9,7.438,6.822,8.364,7.503,8.918,7.006,5.724,7.727,10.3,9.4,11.5,10.3,12.3,9.7,7.9,10.7
Barangay 173,Caloocan,92.8,14.502,14.697,14.427,14.796,15.022,12.841,13.635,12.843,13.5,13.6,13.4,13.7,13.9,11.9,12.7,11.9
Barangay 174,Caloocan,91.9,12.358,11.684,11.436,10.464,10.472,10.362,8.79,10.539,11.4,10.7,10.5,9.6,9.6,9.5,8.1,9.7
Barangay 175,Caloocan,265.8,14.061,14.233,13.867,13.41,14.505,12.619,13.163,11.901,37.4,37.8,36.9,35.6,38.6,33.5,35.0,31.6
Barangay 176-A,Caloocan,109.0,6.519,6.109,4.902,5.191,6.125,6.622,6.937,5.387,7.1,6.7,5.3,5.7,6.7,7.2,7.6,5.9
Barangay 176-B,Caloocan,76.7,7.704,7.49,6.501,7.365,7.906,7.914,6.341,7.523,5.9,5.7,5.0,5.7,6.1,6.1,4.9,5.8
Barangay 176-C,Caloocan,72.9,7.257,6.115,6.655,8.1,6.473,7.095,6.114,7.874,5.3,4.5,4.9,5.9,4.7,5.2,4.5,5.7
Barangay 176-D,Caloocan,76.2,4.788,4.621,4.258,5.588,5.733,6.291,5.057,5.513,3.6,3.5,3.2,4.3,4.4,4.8,3.9,4.2
Barangay 176-E,Caloocan,77.3,8.495,7.548,8.077,8.067,7.897,7.072,8.007,6.8,6.6,5.8,6.2,6.2,6.1,5.5,6.2,5.3
Barangay 176-F,Caloocan,101.8,11.799,11.368,9.37,9.732,9.523,10.66,10.639,8.809,12.0,11.6,9.5,9.9,9.7,10.9,10.8,9.0
Barangay 177,Caloocan,196.3,10.738,9.988,10.791,11.06,12.615,10.416,8.503,11.237,21.1,19.6,21.2,21.7,24.8,20.4,16.7,22.1
Barangay 178,Caloocan,352.3,10.458,10.302,10.274,9.913,11.157,10.638,7.93,10.739,36.8,36.3,36.2,34.9,39.3,37.5,27.9,37.8
Barangay 18,Caloocan,11.1,0.611,1.268,0.835,1.035,1.509,2.464,2.589,4.541,0.1,0.1,0.1,0.1,0.2,0.3,0.3,0.5
Barangay 19,Caloocan,4.7,2.56,5.632,5.537,2.176,5.562,5.762,3.567,3.357,0.1,0.3,0.3,0.1,0.3,0.3,0.2,0.2
Barangay 2,Caloocan,4.9,4.337,3.767,3.07,0.896,0.981,1.246,4.479,2.415,0.2,0.2,0.1,0.0,0.0,0.1,0.2,0.1
Barangay 20,Caloocan,18.6,0.453,1.302,0.96,1.294,1.047,1.085,1.007,3.709,0.1,0.2,0.2,0.2,0.2,0.2,0.2,0.7
Barangay 21,Caloocan,4.8,1.014,2.004,1.41,1.073,1.952,2.848,1.368,1.868,0.0,0.1,0.1,0.1,0.1,0.1,0.1,0.1
Barangay 22,Caloocan,28.6,1.052,1.265,1.3,0.99,1.198,0.946,0.98,2.25,0.3,0.4,0.4,0.3,0.3,0.3,0.3,0.6
Barangay 23,Caloocan,3.8,0.063,2.528,0.338,0.296,0.301,2.969,0.128,1.598,0.0,0.1,0.0,0.0,0.0,0.1,0.0,0.1
Barangay 24,Caloocan,3.7,0.0,1.641,0.079,0.055,0.2,1.184,0.024,0.512,0.0,0.1,0.0,0.0,0.0,0.0,0.0,0.0
Barangay 25,Caloocan,2.9,1.768,4.071,2.218,3.21,0.22,3.18,3.596,2.35,0.1,0.1,0.1,0.1,0.0,0.1,0.1,0.1
Barangay 26,Caloocan,3.9,0.374,1.171,0.514,0.673,1.841,2.06,1.127,0.947,0.0,0.0,0.0,0.0,0.1,0.1,0.0,0.0
Barangay 27,Caloocan,5.4,0.0,0.106,0.0,0.003,0.823,0.621,0.475,0.86,0.0,0.0,0.0,0.0,0.0,0.0,0.0,0.0
Barangay 28,Caloocan,55.6,0.859,1.841,2.39,0.623,1.457,1.671,1.033,2.037,0.5,1.0,1.3,0.3,0.8,0.9,0.6,1.1
Barangay 29,Caloocan,4.8,1.082,4.42,2.658,1.743,0.12,2.877,1.952,1.129,0.1,0.2,0.1,0.1,0.0,0.1,0.1,0.1
Barangay 3,Caloocan,3.7,2.295,2.508,0.036,0.816,1.742,4.059,1.773,1.157,0.1,0.1,0.0,0.0,0.1,0.2,0.1,0.0
Barangay 30,Caloocan,7.9,0.175,1.799,0.883,0.0,1.657,1.693,3.017,3.837,0.0,0.1,0.1,0.0,0.1,0.1,0.2,0.3
Barangay 31,Caloocan,3.7,0.688,0.376,2.602,0.035,1.719,1.881,3.396,2.745,0.0,0.0,0.1,0.0,0.1,0.1,0.1,0.1
Barangay 32,Caloocan,3.4,1.434,3.139,2.409,0.0,2.81,4.145,2.969,2.494,0.0,0.1,0.1,0.0,0.1,0.1,0.1,0.1
Barangay 33,Caloocan,5.7,0.734,1.548,1.024,0.0,1.947,2.765,1.628,2.394,0.0,0.1,0.1,0.0,0.1,0.2,0.1,0.1
Barangay 34,Caloocan,5.7,0.092,3.094,0.827,0.326,0.718,0.88,1.128,3.171,0.0,0.2,0.0,0.0,0.0,0.0,0.1,0.2
Barangay 35,Caloocan,4.6,0.601,1.332,3.638,0.081,2.312,2.699,5.036,3.813,0.0,0.1,0.2,0.0,0.1,0.1,0.2,0.2
Barangay 36,Caloocan,5.0,2.479,2.965,1.95,0.675,1.548,3.099,2.302,1.723,0.1,0.1,0.1,0.0,0.1,0.2,0.1,0.1
Barangay 37,Caloocan,5.4,0.914,2.282,0.584,0.081,1.052,1.365,0.506,0.58,0.0,0.1,0.0,0.0,0.1,0.1,0.0,0.0
Barangay 38,Caloocan,4.1,0.064,2.638,0.292,0.248,1.935,1.879,0.263,1.294,0.0,0.1,0.0,0.0,0.1,0.1,0.0,0.1
Barangay 39,Caloocan,1.7,4.582,6.204,7.248,3.736,8.905,8.822,6.771,5.17,0.1,0.1,0.1,0.1,0.2,0.2,0.1,0.1
Barangay 4,Caloocan,6.2,1.115,1.988,1.761,0.177,2.119,1.194,2.723,0.609,0.1,0.1,0.1,0.0,0.1,0.1,0.2,0.0
Barangay 40,Caloocan,1.9,1.315,3.363,2.474,1.39,2.857,4.284,2.28,5.181,0.0,0.1,0.0,0.0,0.1,0.1,0.0,0.1
Barangay 41,Caloocan,3.7,0.0,2.626,0.765,0.649,0.553,2.702,0.689,5.65,0.0,0.1,0.0,0.0,0.0,0.1,0.0,0.2
Barangay 42,Caloocan,3.1,0.0,5.501,2.743,2.327,1.981,3.927,2.468,7.729,0.0,0.2,0.1,0.1,0.1,0.1,0.1,0.2
Barangay 43,Caloocan,3.6,2.903,4.686,5.424,0.861,4.794,1.649,2.964,3.516,0.1,0.2,0.2,0.0,0.2,0.1,0.1,0.1
Barangay 44,Caloocan,3.5,0.83,1.457,1.65,0.0,1.55,0.215,0.683,2.056,0.0,0.1,0.1,0.0,0.1,0.0,0.0,0.1
Barangay 45,Caloocan,3.7,0.0,0.271,0.0,2.601,1.176,2.652,1.132,3.214,0.0,0.0,0.0,0.1,0.0,0.1,0.0,0.1
Barangay 46,Caloocan,3.9,1.883,4.235,4.492,1.009,2.55,1.45,2.788,2.976,0.1,0.2,0.2,0.0,0.1,0.1,0.1,0.1
Barangay 47,Caloocan,3.5,0.498,1.629,1.642,0.57,1.335,0.276,1.39,2.493,0.0,0.1,0.1,0.0,0.0,0.0,0.0,0.1
Barangay 48,Caloocan,3.7,0.842,1.592,0.984,2.083,0.989,1.784,1.464,3.129,0.0,0.1,0.0,0.1,0.0,0.1,0.1,0.1
Barangay 49,Caloocan,6.2,0.606,2.913,1.325,2.758,2.511,3.05,2.003,3.173,0.0,0.2,0.1,0.2,0.2,0.2,0.1,0.2
Barangay 5,Caloocan,6.4,3.216,7.601,6.927,1.732,4.74,6.51,4.38,6.02,0.2,0.5,0.4,0.1,0.3,0.4,0.3,0.4
Barangay 50,Caloocan,3.0,0.0,3.744,3.816,0.271,0.193,0.396,2.181,2.529,0.0,0.1,0.1,0.0,0.0,0.0,0.1,0.1
Barangay 51,Caloocan,5.8,1.407,2.97,1.91,0.992,0.705,0.186,1.994,3.291,0.1,0.2,0.1,0.1,0.0,0.0,0.1,0.2
Barangay 52,Caloocan,2.4,1.291,4.308,1.59,3.416,3.651,4.524,2.822,3.649,0.0,0.1,0.0,0.1,0.1,0.1,0.1,0.1
Barangay 53,Caloocan,5.6,0.0,4.396,1.185,0.0,1.415,0.031,1.385,1.247,0.0,0.2,0.1,0.0,0.1,0.0,0.1,0.1
Barangay 54,Caloocan,7.8,0.398,4.502,1.809,1.26,0.361,0.4,0.075,1.433,0.0,0.3,0.1,0.1,0.0,0.0,0.0,0.1
Barangay 55,Caloocan,7.1,0.327,4.504,1.878,0.93,0.484,0.468,0.56,1.89,0.0,0.3,0.1,0.1,0.0,0.0,0.0,0.1
Barangay 56,Caloocan,3.7,1.323,4.08,1.826,1.346,2.296,3.021,2.274,2.311,0.0,0.2,0.1,0.1,0.1,0.1,0.1,0.1
Barangay 57,Caloocan,4.5,0.433,0.941,1.215,0.0,0.0,0.0,0.0,1.725,0.0,0.0,0.1,0.0,0.0,0.0,0.0,0.1
Barangay 58,Caloocan,5.5,2.296,5.377,2.246,3.408,0.104,0.123,0.0,0.796,0.1,0.3,0.1,0.2,0.0,0.0,0.0,0.0
Barangay 59,Caloocan,4.6,1.799,2.788,0.719,1.361,2.068,3.268,3.085,3.686,0.1,0.1,0.0,0.1,0.1,0.2,0.1,0.2
Barangay 6,Caloocan,2.8,0.896,1.788,2.082,0.621,1.061,1.921,1.095,1.255,0.0,0.0,0.1,0.0,0.0,0.1,0.0,0.0
Barangay 60,Caloocan,4.4,0.683,2.006,2.386,2.539,3.03,2.063,1.392,5.618,0.0,0.1,0.1,0.1,0.1,0.1,0.1,0.2
Barangay 61,Caloocan,7.1,0.456,1.515,1.262,1.309,0.187,1.379,0.79,1.493,0.0,0.1,0.1,0.1,0.0,0.1,0.1,0.1
Barangay 62,Caloocan,7.0,0.059,0.719,0.977,0.738,0.206,1.614,1.659,2.182,0.0,0.1,0.1,0.1,0.0,0.1,0.1,0.2
Barangay 63,Caloocan,5.1,1.398,2.583,0.798,0.918,1.832,2.286,3.084,3.391,0.1,0.1,0.0,0.0,0.1,0.1,0.2,0.2
Barangay 64,Caloocan,2.5,2.957,6.635,6.056,3.841,2.43,5.315,5.588,5.979,0.1,0.2,0.2,0.1,0.1,0.1,0.1,0.2
Barangay 65,Caloocan,2.4,0.0,3.084,0.585,0.0,1.387,0.0,3.281,1.162,0.0,0.1,0.0,0.0,0.0,0.0,0.1,0.0
Barangay 66,Caloocan,4.1,2.743,2.125,3.168,0.0,2.459,0.0,3.067,4.612,0.1,0.1,0.1,0.0,0.1,0.0,0.1,0.2
Barangay 67,Caloocan,5.2,0.153,0.368,1.595,0.0,0.129,0.54,3.44,3.717,0.0,0.0,0.1,0.0,0.0,0.0,0.2,0.2
Barangay 68,Caloocan,5.9,0.0,1.689,0.379,0.0,0.541,2.397,4.923,3.673,0.0,0.1,0.0,0.0,0.0,0.1,0.3,0.2
Barangay 69,Caloocan,3.0,0.669,1.741,1.416,0.0,1.777,1.491,0.164,1.773,0.0,0.1,0.0,0.0,0.1,0.0,0.0,0.1
Barangay 7,Caloocan,3.2,0.421,0.983,1.49,0.507,0.437,1.03,0.452,0.79,0.0,0.0,0.0,0.0,0.0,0.0,0.0,0.0
Barangay 70,Caloocan,6.0,0.911,0.922,1.064,0.0,0.264,1.433,0.363,1.18,0.1,0.1,0.1,0.0,0.0,0.1,0.0,0.1
Barangay 71,Caloocan,4.0,0.0,0.889,2.066,0.0,3.021,4.578,3.792,0.181,0.0,0.0,0.1,0.0,0.1,0.2,0.2,0.0
Barangay 72,Caloocan,4.4,0.839,1.864,2.172,0.0,1.916,3.143,2.664,0.695,0.0,0.1,0.1,0.0,0.1,0.1,0.1,0.0
Barangay 73,Caloocan,13.0,2.142,6.291,5.345,0.646,4.665,3.766,3.026,4.953,0.3,0.8,0.7,0.1,0.6,0.5,0.4,0.6
Barangay 74,Caloocan,7.3,0.502,2.076,2.627,0.0,0.255,0.655,0.012,0.263,0.0,0.2,0.2,0.0,0.0,0.0,0.0,0.0
Barangay 75,Caloocan,5.0,0.495,2.325,0.897,0.0,0.074,0.279,0.112,0.219,0.0,0.1,0.0,0.0,0.0,0.0,0.0,0.0
Barangay 76,Caloocan,2.7,5.116,4.553,3.377,0.0,1.228,2.143,3.183,2.787,0.1,0.1,0.1,0.0,0.0,0.1,0.1,0.1
Barangay 77,Caloocan,5.9,1.917,4.169,4.448,1.901,0.59,2.329,0.792,4.619,0.1,0.2,0.3,0.1,0.0,0.1,0.0,0.3
Barangay 78,Caloocan,6.4,2.342,6.22,6.081,1.716,1.963,2.189,2.042,3.063,0.2,0.4,0.4,0.1,0.1,0.1,0.1,0.2
Barangay 79,Caloocan,6.1,1.63,4.451,4.718,2.791,2.199,3.866,0.738,5.496,0.1,0.3,0.3,0.2,0.1,0.2,0.0,0.3
Barangay 8,Caloocan,29.8,0.962,1.726,1.634,1.204,1.469,2.387,1.902,3.228,0.3,0.5,0.5,0.4,0.4,0.7,0.6,1.0
Barangay 80,Caloocan,31.7,5.305,8.553,8.33,5.25,6.523,8.652,8.618,7.828,1.7,2.7,2.6,1.7,2.1,2.7,2.7,2.5
Barangay 81,Caloocan,6.8,5.204,9.273,6.691,5.158,3.314,3.387,1.993,5.562,0.4,0.6,0.5,0.4,0.2,0.2,0.1,0.4
Barangay 82,Caloocan,5.1,1.821,1.849,4.222,1.38,1.964,4.967,3.617,2.395,0.1,0.1,0.2,0.1,0.1,0.3,0.2,0.1
Barangay 83,Caloocan,6.1,2.459,3.72,3.689,1.108,1.639,3.916,3.493,3.958,0.1,0.2,0.2,0.1,0.1,0.2,0.2,0.2
Barangay 84,Caloocan,15.2,7.242,7.994,6.711,4.888,5.686,3.447,5.669,3.059,1.1,1.2,1.0,0.7,0.9,0.5,0.9,0.5
Barangay 85,Caloocan,4.9,1.6,3.492,3.588,0.0,0.653,3.022,1.837,4.287,0.1,0.2,0.2,0.0,0.0,0.1,0.1,0.2
Barangay 86,Caloocan,7.6,4.101,6.088,1.581,0.078,0.639,1.913,3.145,3.941,0.3,0.5,0.1,0.0,0.0,0.1,0.2,0.3
Barangay 87,Caloocan,8.4,2.644,2.474,3.399,0.0,0.679,3.232,1.522,3.336,0.2,0.2,0.3,0.0,0.1,0.3,0.1,0.3
Barangay 88,Caloocan,8.6,0.123,1.967,0.104,0.014,0.034,3.03,2.78,4.703,0.0,0.2,0.0,0.0,0.0,0.3,0.2,0.4
Barangay 89,Caloocan,7.7,0.379,2.118,3.012,1.076,2.432,4.163,0.844,3.966,0.0,0.2,0.2,0.1,0.2,0.3,0.1,0.3
Barangay 9,Caloocan,9.8,5.373,9.707,9.0,5.093,5.463,7.957,6.589,9.144,0.5,1.0,0.9,0.5,0.5,0.8,0.6,0.9
Barangay 90,Caloocan,6.0,1.144,2.896,1.113,0.215,0.816,3.096,2.927,4.32,0.1,0.2,0.1,0.0,0.0,0.2,0.2,0.3
Barangay 91,Caloocan,8.5,2.064,3.859,2.261,0.595,1.757,3.064,1.423,3.278,0.2,0.3,0.2,0.1,0.1,0.3,0.1,0.3
Barangay 92,Caloocan,5.1,0.0,1.406,0.0,0.0,0.46,3.27,2.52,5.91,0.0,0.1,0.0,0.0,0.0,0.2,0.1,0.3
Barangay 93,Caloocan,5.9,0.0,0.411,0.687,0.725,0.35,1.189,0.943,4.684,0.0,0.0,0.0,0.0,0.0,0.1,0.1,0.3
Barangay 94,Caloocan,5.1,0.931,2.022,0.0,0.0,0.0,0.578,0.073,0.0,0.0,0.1,0.0,0.0,0.0,0.0,0.0,0.0
Barangay 95,Caloocan,5.6,3.528,6.302,2.471,2.561,2.628,2.701,2.779,1.902,0.2,0.4,0.1,0.1,0.1,0.2,0.2,0.1
Barangay 96,Caloocan,9.3,0.47,1.833,5.361,2.542,0.99,5.055,3.133,3.796,0.0,0.2,0.5,0.2,0.1,0.5,0.3,0.4
Barangay 97,Caloocan,3.6,3.668,2.113,1.596,2.441,0.247,1.507,1.271,0.621,0.1,0.1,0.1,0.1,0.0,0.1,0.0,0.0
Barangay 98,Caloocan,2.7,4.562,3.22,1.053,3.171,1.262,2.097,2.308,1.293,0.1,0.1,0.0,0.1,0.0,0.1,0.1,0.0
Barangay 99,Caloocan,4.8,3.006,7.781,2.707,2.39,3.079,5.942,7.308,5.215,0.1,0.4,0.1,0.1,0.1,0.3,0.4,0.2
Deparo,Caloocan,309.9,8.554,8.356,10.393,8.049,10.492,8.076,10.436,7.388,26.5,25.9,32.2,24.9,32.5,25.0,32.3,22.9
Kaybiga,Caloocan,187.0,5.509,5.349,6.782,5.864,6.703,7.094,10.295,6.211,10.3,10.0,12.7,11.0,12.5,13.3,19.3,11.6
Llano,Caloocan,194.4,7.452,7.064,8.752,7.248,9.331,6.094,10.465,5.965,14.5,13.7,17.0,14.1,18.1,11.8,20.3,11.6
Almanza Dos,Las Pinas,319.6,13.519,13.792,15.323,16.738,18.299,11.202,11.153,9.787,43.2,44.1,49.0,53.5,58.5,35.8,35.7,31.3
Almanza Uno,Las Pinas,230.1,7.776,7.347,6.87,8.787,8.663,8.397,8.046,7.754,17.9,16.9,15.8,20.2,19.9,19.3,18.5,17.8
BF International Village,Las Pinas,256.3,8.842,9.484,8.839,9.589,10.557,8.962,9.846,9.688,22.7,24.3,22.7,24.6,27.1,23.0,25.2,24.8
Daniel Fajardo,Las Pinas,28.5,4.053,4.51,3.232,4.811,6.169,7.218,7.194,9.994,1.2,1.3,0.9,1.4,1.8,2.1,2.0,2.8
Elias Aldana,Las Pinas,45.6,9.693,10.651,6.343,8.66,7.823,10.373,10.089,11.389,4.4,4.9,2.9,4.0,3.6,4.7,4.6,5.2
Ilaya,Las Pinas,13.6,4.373,6.035,4.947,9.05,8.507,9.02,8.503,10.297,0.6,0.8,0.7,1.2,1.2,1.2,1.2,1.4
Manuyo Dos,Las Pinas,218.5,6.185,8.116,6.31,6.512,6.332,5.75,6.577,6.65,13.5,17.7,13.8,14.2,13.8,12.6,14.4,14.5
Manuyo Uno,Las Pinas,42.2,6.568,7.297,5.58,6.744,8.901,8.346,9.962,11.351,2.8,3.1,2.4,2.8,3.8,3.5,4.2,4.8
Pamplona Dos,Las Pinas,114.7,8.661,7.627,8.034,8.12,8.462,8.705,9.049,8.252,9.9,8.7,9.2,9.3,9.7,10.0,10.4,9.5
Pamplona Tres,Las Pinas,225.6,5.931,6.071,4.988,5.113,5.473,6.014,5.712,6.453,13.4,13.7,11.3,11.5,12.3,13.6,12.9,14.6
Pamplona Uno,Las Pinas,86.0,8.088,6.778,5.98,8.075,8.894,7.49,7.963,7.174,7.0,5.8,5.1,6.9,7.6,6.4,6.8,6.2
Pilar,Las Pinas,195.7,6.192,5.823,6.061,6.836,7.261,7.17,6.537,6.413,12.1,11.4,11.9,13.4,14.2,14.0,12.8,12.6
Pulanglupa Dos,Las Pinas,205.5,5.36,6.157,5.411,5.278,5.43,5.705,5.309,6.798,11.0,12.7,11.1,10.8,11.2,11.7,10.9,14.0
Pulanglupa Uno,Las Pinas,133.4,6.65,7.399,5.169,6.357,6.57,6.932,8.324,8.629,8.9,9.9,6.9,8.5,8.8,9.2,11.1,11.5
Talon Dos,Las Pinas,420.4,6.882,6.812,6.358,6.213,6.754,7.05,6.565,7.205,28.9,28.6,26.7,26.1,28.4,29.6,27.6,30.3
Talon Kuatro,Las Pinas,71.6,6.593,7.324,6.268,7.042,7.222,7.079,6.888,7.561,4.7,5.2,4.5,5.0,5.2,5.1,4.9,5.4
Talon Singko,Las Pinas,165.0,5.732,6.09,5.328,4.995,5.89,6.293,5.313,6.083,9.5,10.1,8.8,8.2,9.7,10.4,8.8,10.0
Talon Tres,Las Pinas,94.1,5.654,6.222,5.046,5.542,6.647,5.914,6.113,6.46,5.3,5.9,4.7,5.2,6.3,5.6,5.8,6.1
Talon Uno,Las Pinas,200.0,5.552,5.864,5.936,6.193,6.624,6.076,5.829,6.731,11.1,11.7,11.9,12.4,13.2,12.1,11.7,13.5
Zapote,Las Pinas,65.1,4.142,4.077,2.76,4.756,3.802,4.298,4.636,4.738,2.7,2.7,1.8,3.1,2.5,2.8,3.0,3.1
Bangkal,Makati,88.1,3.963,6.052,3.976,3.834,4.447,4.345,3.823,6.111,3.5,5.3,3.5,3.4,3.9,3.8,3.4,5.4
Barangay 180,Makati,1.0,5.314,7.063,5.874,7.385,8.487,8.341,6.903,12.211,0.1,0.1,0.1,0.1,0.1,0.1,0.1,0.1
Bel-Air,Makati,172.0,8.168,9.595,7.69,8.585,8.03,8.107,9.839,10.32,14.0,16.5,13.2,14.8,13.8,13.9,16.9,17.8
Carmona,Makati,35.9,4.985,7.565,7.218,11.062,5.911,5.441,6.586,6.187,1.8,2.7,2.6,4.0,2.1,2.0,2.4,2.2
Dasmariñas,Makati,192.4,12.392,12.886,11.618,10.606,13.097,14.067,12.416,14.805,23.8,24.8,22.4,20.4,25.2,27.1,23.9,28.5
Forbes Park,Makati,253.4,19.499,20.678,19.071,17.447,20.026,20.291,19.401,20.052,49.4,52.4,48.3,44.2,50.8,51.4,49.2,50.8
Guadalupe Nuevo,Makati,58.5,3.349,4.318,2.513,4.991,4.75,5.617,4.55,5.914,2.0,2.5,1.5,2.9,2.8,3.3,2.7,3.5
Guadalupe Viejo,Makati,55.4,6.899,8.769,6.36,6.094,7.358,8.647,11.589,10.965,3.8,4.9,3.5,3.4,4.1,4.8,6.4,6.1
Kasilawan,Makati,10.7,3.328,5.228,1.919,2.955,1.145,4.9,6.083,4.784,0.4,0.6,0.2,0.3,0.1,0.5,0.7,0.5
La Paz,Makati,26.0,0.975,3.081,2.936,1.922,1.748,2.272,1.591,2.917,0.3,0.8,0.8,0.5,0.5,0.6,0.4,0.8
Magallanes,Makati,122.8,8.465,9.514,8.009,7.297,9.416,9.778,8.448,11.046,10.4,11.7,9.8,9.0,11.6,12.0,10.4,13.6
Olympia,Makati,46.9,4.492,6.971,5.033,6.219,4.956,5.082,6.075,5.889,2.1,3.3,2.4,2.9,2.3,2.4,2.9,2.8
Palanan,Makati,65.3,2.712,3.866,2.556,2.883,3.823,4.05,3.568,4.854,1.8,2.5,1.7,1.9,2.5,2.6,2.3,3.2
Pinagkaisahan,Makati,16.2,4.486,5.425,4.045,6.103,5.573,6.229,8.035,8.573,0.7,0.9,0.7,1.0,0.9,1.0,1.3,1.4
Pio del Pilar,Makati,90.7,2.55,3.734,3.666,3.268,4.119,4.313,4.66,4.724,2.3,3.4,3.3,3.0,3.7,3.9,4.2,4.3
Poblacion,Makati,104.2,5.584,8.234,7.265,5.57,5.722,5.694,7.064,7.941,5.8,8.6,7.6,5.8,6.0,5.9,7.4,8.3
San Antonio,Makati,93.1,3.006,4.712,3.391,4.001,4.045,4.87,3.764,5.674,2.8,4.4,3.2,3.7,3.8,4.5,3.5,5.3
San Isidro,Makati,47.6,1.94,2.777,2.455,2.62,3.143,3.176,2.204,4.932,0.9,1.3,1.2,1.2,1.5,1.5,1.0,2.3
San Lorenzo,Makati,173.2,6.71,8.868,6.689,7.686,8.165,7.216,9.274,10.424,11.6,15.4,11.6,13.3,14.1,12.5,16.1,18.1
Santa Cruz,Makati,21.6,4.034,3.79,4.237,8.033,5.715,6.348,7.392,6.903,0.9,0.8,0.9,1.7,1.2,1.4,1.6,1.5
Singkamas,Makati,13.8,1.942,2.412,2.782,2.308,2.503,2.807,1.942,2.267,0.3,0.3,0.4,0.3,0.3,0.4,0.3,0.3
Tejeros,Makati,28.6,2.561,3.614,2.397,2.688,2.385,4.013,3.339,3.067,0.7,1.0,0.7,0.8,0.7,1.1,1.0,0.9
Urdaneta,Makati,74.6,12.984,14.832,13.768,15.601,16.628,14.393,17.015,18.262,9.7,11.1,10.3,11.6,12.4,10.7,12.7,13.6
Valenzuela,Makati,25.5,5.693,9.172,7.25,6.186,7.514,6.004,6.874,8.945,1.5,2.3,1.9,1.6,1.9,1.5,1.8,2.3
Dampalit,Malabon,279.6,1.043,1.79,1.229,0.82,1.671,2.579,1.991,0.769,2.9,5.0,3.4,2.3,4.7,7.2,5.6,2.2
Muzon,Malabon,54.7,0.889,6.447,9.944,4.866,8.624,10.242,9.282,2.818,0.5,3.5,5.4,2.7,4.7,5.6,5.1,1.5
Addition Hills,Mandaluyong,113.7,6.35,7.007,6.555,6.821,5.722,5.561,7.621,7.412,7.2,8.0,7.5,7.8,6.5,6.3,8.7,8.4
Bagong Silang,Mandaluyong,14.2,4.72,3.954,3.723,5.679,3.495,2.99,3.883,4.469,0.7,0.6,0.5,0.8,0.5,0.4,0.6,0.6
Barangka Drive,Mandaluyong,21.5,3.78,2.856,2.568,3.415,2.729,2.687,1.864,4.161,0.8,0.6,0.6,0.7,0.6,0.6,0.4,0.9
Barangka Ibaba,Mandaluyong,15.6,3.097,3.936,3.096,3.775,3.033,2.912,5.564,6.055,0.5,0.6,0.5,0.6,0.5,0.5,0.9,0.9
Barangka Ilaya,Mandaluyong,48.3,4.177,5.452,3.588,3.642,5.69,6.429,7.647,7.281,2.0,2.6,1.7,1.8,2.7,3.1,3.7,3.5
Barangka Itaas,Mandaluyong,18.4,4.32,5.334,4.137,3.208,1.391,3.801,3.353,4.448,0.8,1.0,0.8,0.6,0.3,0.7,0.6,0.8
Buayang Bato,Mandaluyong,31.8,2.507,3.24,1.094,4.535,3.625,3.648,3.943,4.656,0.8,1.0,0.3,1.4,1.2,1.2,1.3,1.5
Burol,Mandaluyong,2.2,3.984,3.033,2.534,6.453,3.615,3.225,7.572,6.53,0.1,0.1,0.1,0.1,0.1,0.1,0.2,0.1
Daang Bakal,Mandaluyong,17.2,4.833,4.43,3.353,4.253,2.196,4.521,6.269,6.443,0.8,0.8,0.6,0.7,0.4,0.8,1.1,1.1
Hagdang Bato Itaas,Mandaluyong,17.2,4.542,4.708,4.931,5.065,4.049,3.772,6.278,6.99,0.8,0.8,0.9,0.9,0.7,0.7,1.1,1.2
Hagdang Bato Libis,Mandaluyong,15.1,5.077,5.908,4.539,6.348,6.158,5.823,7.502,8.028,0.8,0.9,0.7,1.0,0.9,0.9,1.1,1.2
Harapin ang Bukas,Mandaluyong,5.0,2.051,0.677,0.323,2.017,0.539,1.48,4.649,4.515,0.1,0.0,0.0,0.1,0.0,0.1,0.2,0.2
Highway Hills,Mandaluyong,93.1,3.237,4.745,3.752,6.357,4.238,4.673,6.128,5.17,3.0,4.4,3.5,5.9,3.9,4.4,5.7,4.8
Hulo,Mandaluyong,37.9,5.629,8.823,5.462,4.131,3.529,4.739,5.478,7.628,2.1,3.3,2.1,1.6,1.3,1.8,2.1,2.9
Mabini-J. Rizal,Mandaluyong,20.9,6.019,8.345,5.952,8.369,6.472,6.858,10.384,9.488,1.3,1.7,1.2,1.7,1.4,1.4,2.2,2.0
Malamig,Mandaluyong,31.3,3.352,4.64,2.673,3.571,3.253,4.264,5.263,4.67,1.0,1.5,0.8,1.1,1.0,1.3,1.6,1.5
Mauway,Mandaluyong,69.7,14.272,16.085,13.805,14.277,12.392,11.866,14.958,13.621,9.9,11.2,9.6,9.9,8.6,8.3,10.4,9.5
Namayan,Mandaluyong,32.1,6.135,7.921,6.492,6.158,5.799,3.229,7.485,5.336,2.0,2.5,2.1,2.0,1.9,1.0,2.4,1.7
New Zañiga,Mandaluyong,17.4,6.317,6.504,5.29,5.075,4.291,3.89,5.775,7.114,1.1,1.1,0.9,0.9,0.7,0.7,1.0,1.2
Old Zañiga,Mandaluyong,33.3,6.512,9.873,9.69,10.578,8.577,5.773,10.302,9.168,2.2,3.3,3.2,3.5,2.9,1.9,3.4,3.1
Pag-asa,Mandaluyong,13.6,4.084,4.77,4.545,8.087,5.543,5.119,10.51,6.498,0.6,0.6,0.6,1.1,0.8,0.7,1.4,0.9
Plainview,Mandaluyong,107.1,3.212,3.943,3.283,4.278,3.18,3.294,3.734,5.301,3.4,4.2,3.5,4.6,3.4,3.5,4.0,5.7
Pleasant Hills,Mandaluyong,20.9,3.106,2.403,1.781,3.484,1.675,1.485,3.941,2.775,0.6,0.5,0.4,0.7,0.4,0.3,0.8,0.6
Poblacion,Mandaluyong,23.0,2.872,4.019,2.388,3.338,3.052,3.31,7.496,6.202,0.7,0.9,0.5,0.8,0.7,0.8,1.7,1.4
San Jose,Mandaluyong,8.7,3.729,4.939,3.849,5.403,2.119,4.383,4.193,5.857,0.3,0.4,0.3,0.5,0.2,0.4,0.4,0.5
Vergara,Mandaluyong,19.8,7.144,10.257,9.683,11.601,9.345,6.438,10.292,13.137,1.4,2.0,1.9,2.3,1.8,1.3,2.0,2.6
Wack-Wack Greenhills,Mandaluyong,289.9,13.151,15.455,15.349,13.765,14.367,12.719,17.698,11.849,38.1,44.8,44.5,39.9,41.7,36.9,51.3,34.4
Barangay 125,Manila,5.7,0.0,2.343,0.518,0.0,0.547,1.18,0.41,1.138,0.0,0.1,0.0,0.0,0.0,0.1,0.0,0.1
Barangay 126,Manila,13.8,0.937,2.066,1.899,1.284,1.345,2.498,1.815,2.016,0.1,0.3,0.3,0.2,0.2,0.3,0.3,0.3
Barangay 127,Manila,5.4,0.0,2.725,1.201,0.391,1.165,2.654,0.45,1.37,0.0,0.1,0.1,0.0,0.1,0.1,0.0,0.1
Barangay 128,Manila,109.3,1.904,3.107,2.234,1.616,1.403,2.766,2.688,3.278,2.1,3.4,2.4,1.8,1.5,3.0,2.9,3.6
Barangay 129,Manila,3.8,0.0,0.127,0.0,0.0,0.005,0.0,0.299,0.599,0.0,0.0,0.0,0.0,0.0,0.0,0.0,0.0
Barangay 130,Manila,3.2,0.365,0.155,0.211,0.481,0.391,0.718,0.352,0.99,0.0,0.0,0.0,0.0,0.0,0.0,0.0,0.0
Barangay 131,Manila,2.7,0.0,0.514,0.0,0.0,0.164,0.0,0.108,0.016,0.0,0.0,0.0,0.0,0.0,0.0,0.0,0.0
Barangay 132,Manila,4.4,0.802,0.757,0.994,1.051,1.323,3.201,1.136,3.487,0.0,0.0,0.0,0.0,0.1,0.1,0.1,0.2
Barangay 133,Manila,7.6,0.616,0.74,1.73,0.836,2.03,3.056,2.153,4.303,0.0,0.1,0.1,0.1,0.2,0.2,0.2,0.3
Barangay 134,Manila,3.3,2.132,0.984,1.233,2.811,2.287,4.194,2.055,5.239,0.1,0.0,0.0,0.1,0.1,0.1,0.1,0.2
Barangay 135,Manila,2.5,3.909,5.781,5.548,0.0,1.739,1.771,0.26,1.638,0.1,0.1,0.1,0.0,0.0,0.0,0.0,0.0
Barangay 136,Manila,1.4,1.273,1.364,0.393,0.039,0.567,0.963,0.255,0.452,0.0,0.0,0.0,0.0,0.0,0.0,0.0,0.0
Barangay 137,Manila,2.3,0.087,0.994,0.182,0.048,0.586,3.019,0.314,1.538,0.0,0.0,0.0,0.0,0.0,0.1,0.0,0.0
Barangay 138,Manila,2.6,0.428,1.529,0.0,0.0,0.93,0.0,0.613,0.091,0.0,0.0,0.0,0.0,0.0,0.0,0.0,0.0
Barangay 139,Manila,3.2,0.314,0.77,0.853,0.34,2.313,2.785,1.225,2.108,0.0,0.0,0.0,0.0,0.1,0.1,0.0,0.1
Barangay 140,Manila,1.7,0.35,0.588,0.498,0.133,1.603,1.592,0.859,1.334,0.0,0.0,0.0,0.0,0.0,0.0,0.0,0.0
Barangay 141,Manila,0.7,1.037,1.107,0.493,0.131,1.586,1.576,0.85,1.32,0.0,0.0,0.0,0.0,0.0,0.0,0.0,0.0
Barangay 142,Manila,1.6,1.782,2.13,0.131,0.0,0.128,0.285,0.046,0.186,0.0,0.0,0.0,0.0,0.0,0.0,0.0,0.0
Barangay 143,Manila,1.2,0.0,1.44,2.519,0.0,0.937,5.047,0.0,0.574,0.0,0.0,0.0,0.0,0.0,0.1,0.0,0.0
Barangay 144,Manila,4.1,0.048,2.029,3.419,0.156,1.65,6.996,0.241,1.171,0.0,0.1,0.1,0.0,0.1,0.3,0.0,0.0
Barangay 145,Manila,1.7,0.0,0.0,0.0,0.0,0.0,0.0,0.0,0.0,0.0,0.0,0.0,0.0,0.0,0.0,0.0,0.0
Barangay 146,Manila,4.7,1.188,2.611,0.396,0.0,0.0,0.957,0.0,0.784,0.1,0.1,0.0,0.0,0.0,0.0,0.0,0.0
Barangay 147,Manila,11.1,1.251,3.976,3.506,0.713,2.721,0.7,2.655,1.209,0.1,0.4,0.4,0.1,0.3,0.1,0.3,0.1
Barangay 148,Manila,8.8,0.674,1.827,2.499,2.356,1.15,0.473,0.848,1.758,0.1,0.2,0.2,0.2,0.1,0.0,0.1,0.2
Barangay 149,Manila,6.3,0.0,0.41,0.0,0.606,0.0,0.0,0.519,1.69,0.0,0.0,0.0,0.0,0.0,0.0,0.0,0.1
Barangay 150,Manila,5.6,0.0,1.055,0.0,1.296,0.0,0.0,0.0,1.383,0.0,0.1,0.0,0.1,0.0,0.0,0.0,0.1
Barangay 151,Manila,2.4,0.379,3.868,3.85,1.681,3.701,3.856,0.472,0.42,0.0,0.1,0.1,0.0,0.1,0.1,0.0,0.0
Barangay 152,Manila,2.4,0.0,3.388,2.274,2.416,0.0,0.0,2.789,3.265,0.0,0.1,0.1,0.1,0.0,0.0,0.1,0.1
Barangay 153,Manila,2.2,0.0,1.084,0.728,1.613,0.0,0.0,2.305,2.375,0.0,0.0,0.0,0.0,0.0,0.0,0.1,0.1
Barangay 154,Manila,4.5,1.859,3.195,1.872,3.582,3.947,2.242,2.382,4.486,0.1,0.1,0.1,0.2,0.2,0.1,0.1,0.2
Barangay 155,Manila,1.9,0.172,2.608,3.001,3.634,1.008,0.0,2.165,1.926,0.0,0.0,0.1,0.1,0.0,0.0,0.0,0.0
Barangay 156,Manila,1.6,3.153,4.763,4.617,4.796,4.617,2.727,3.565,5.562,0.0,0.1,0.1,0.1,0.1,0.0,0.1,0.1
Barangay 157,Manila,1.9,3.462,6.078,8.449,1.326,0.0,0.782,2.451,3.655,0.1,0.1,0.2,0.0,0.0,0.0,0.0,0.1
Barangay 158,Manila,2.4,0.0,1.079,0.081,0.439,0.0,0.0,0.693,1.773,0.0,0.0,0.0,0.0,0.0,0.0,0.0,0.0
Barangay 159,Manila,1.9,0.252,1.978,3.027,3.867,1.473,0.0,1.497,1.083,0.0,0.0,0.1,0.1,0.0,0.0,0.0,0.0
Barangay 160,Manila,1.3,0.214,2.156,2.874,3.606,1.25,0.0,1.643,1.383,0.0,0.0,0.0,0.0,0.0,0.0,0.0,0.0
Barangay 161,Manila,3.0,2.608,3.163,5.187,3.259,1.116,4.649,3.883,4.795,0.1,0.1,0.2,0.1,0.0,0.1,0.1,0.1
Barangay 162,Manila,2.4,2.767,7.289,2.746,5.212,9.014,8.654,9.109,9.646,0.1,0.2,0.1,0.1,0.2,0.2,0.2,0.2
Barangay 163,Manila,5.0,0.324,2.213,2.679,2.495,1.661,0.714,1.929,4.47,0.0,0.1,0.1,0.1,0.1,0.0,0.1,0.2
Barangay 164,Manila,2.0,0.616,3.351,2.585,2.759,3.543,2.197,3.459,5.517,0.0,0.1,0.1,0.1,0.1,0.0,0.1,0.1
Barangay 165,Manila,2.5,2.742,7.135,2.747,5.171,8.769,8.547,9.003,9.572,0.1,0.2,0.1,0.1,0.2,0.2,0.2,0.2
Barangay 166,Manila,3.5,0.856,1.175,0.636,1.061,0.392,1.7,0.442,0.827,0.0,0.0,0.0,0.0,0.0,0.1,0.0,0.0
Barangay 167,Manila,2.9,1.825,2.038,3.497,4.409,1.5,2.575,2.02,5.432,0.1,0.1,0.1,0.1,0.0,0.1,0.1,0.2
Barangay 168,Manila,3.0,0.061,0.079,2.787,2.365,2.794,1.88,0.0,1.736,0.0,0.0,0.1,0.1,0.1,0.1,0.0,0.1
Barangay 169,Manila,2.6,0.95,2.355,5.151,3.099,1.346,0.193,0.127,0.19,0.0,0.1,0.1,0.1,0.0,0.0,0.0,0.0
Barangay 170,Manila,1.9,0.0,0.407,2.494,2.694,2.972,2.088,0.289,2.068,0.0,0.0,0.0,0.1,0.1,0.0,0.0,0.0
Barangay 171,Manila,3.9,0.023,0.476,0.543,1.695,1.674,0.214,0.003,0.383,0.0,0.0,0.0,0.1,0.1,0.0,0.0,0.0
Barangay 172,Manila,5.2,0.0,0.745,0.372,1.162,1.127,1.954,0.318,1.378,0.0,0.0,0.0,0.1,0.1,0.1,0.0,0.1
Barangay 173,Manila,3.1,0.803,1.081,2.116,1.216,0.232,2.043,2.053,1.686,0.0,0.0,0.1,0.0,0.0,0.1,0.1,0.1
Barangay 174,Manila,2.6,0.952,1.905,0.636,1.273,1.606,2.564,1.755,1.656,0.0,0.0,0.0,0.0,0.0,0.1,0.0,0.0
Barangay 175,Manila,4.1,0.0,3.975,3.154,4.9,4.641,7.353,2.597,6.249,0.0,0.2,0.1,0.2,0.2,0.3,0.1,0.3
Barangay 176,Manila,4.2,0.071,1.771,1.787,2.807,2.626,3.603,1.669,3.182,0.0,0.1,0.1,0.1,0.1,0.2,0.1,0.1
Barangay 313,Manila,5.5,2.511,3.879,3.212,2.802,2.399,5.3,1.883,1.389,0.1,0.2,0.2,0.2,0.1,0.3,0.1,0.1
Barangay 314,Manila,5.3,2.316,3.258,3.613,1.823,2.35,4.395,1.507,1.683,0.1,0.2,0.2,0.1,0.1,0.2,0.1,0.1
Barangay 315,Manila,4.6,2.706,2.295,1.449,1.498,0.161,0.291,1.71,3.187,0.1,0.1,0.1,0.1,0.0,0.0,0.1,0.1
Barangay 316,Manila,4.1,0.159,1.895,1.591,0.0,0.762,0.701,0.507,2.141,0.0,0.1,0.1,0.0,0.0,0.0,0.0,0.1
Barangay 317,Manila,2.8,1.455,4.819,1.545,3.414,3.761,1.238,0.384,1.818,0.0,0.1,0.0,0.1,0.1,0.0,0.0,0.1
Barangay 318,Manila,1.3,1.419,2.531,0.545,1.433,1.642,0.483,1.108,3.277,0.0,0.0,0.0,0.0,0.0,0.0,0.0,0.0
Barangay 319,Manila,1.6,1.431,2.273,0.454,1.194,1.369,0.455,1.231,3.497,0.0,0.0,0.0,0.0,0.0,0.0,0.0,0.1
Barangay 320,Manila,2.2,0.262,2.046,0.421,0.716,0.821,2.768,0.0,0.259,0.0,0.0,0.0,0.0,0.0,0.1,0.0,0.0
Barangay 321,Manila,1.5,0.0,1.579,0.55,0.0,0.013,1.542,0.091,0.745,0.0,0.0,0.0,0.0,0.0,0.0,0.0,0.0
Barangay 322,Manila,1.6,0.394,1.895,0.629,0.398,0.468,0.862,0.394,1.614,0.0,0.0,0.0,0.0,0.0,0.0,0.0,0.0
Barangay 323,Manila,2.2,1.504,3.828,2.822,2.577,2.642,2.943,0.844,2.364,0.0,0.1,0.1,0.1,0.1,0.1,0.0,0.1
Barangay 324,Manila,1.4,1.464,2.947,2.432,1.25,1.727,3.583,0.298,1.357,0.0,0.0,0.0,0.0,0.0,0.0,0.0,0.0
Barangay 325,Manila,1.0,1.533,2.243,1.903,0.0,0.565,4.219,0.367,0.905,0.0,0.0,0.0,0.0,0.0,0.0,0.0,0.0
Barangay 329,Manila,1.8,1.787,2.605,3.383,0.0,2.651,3.152,1.257,2.533,0.0,0.0,0.1,0.0,0.0,0.1,0.0,0.0
Barangay 330,Manila,2.5,1.848,2.455,3.15,0.0,2.102,2.894,1.101,2.147,0.0,0.1,0.1,0.0,0.1,0.1,0.0,0.1
Barangay 335,Manila,2.7,1.029,2.439,3.288,0.0,2.391,2.61,0.97,2.505,0.0,0.1,0.1,0.0,0.1,0.1,0.0,0.1
Barangay 336,Manila,3.6,0.095,2.821,4.389,1.245,2.069,3.071,1.68,4.297,0.0,0.1,0.2,0.0,0.1,0.1,0.1,0.2
Barangay 337,Manila,2.7,0.685,2.909,4.674,1.003,1.615,3.921,1.199,3.662,0.0,0.1,0.1,0.0,0.0,0.1,0.0,0.1
Barangay 338,Manila,3.2,0.758,3.051,2.376,1.096,3.102,2.913,2.479,3.559,0.0,0.1,0.1,0.0,0.1,0.1,0.1,0.1
Barangay 339,Manila,2.9,2.681,2.974,3.848,0.344,1.262,5.161,0.667,1.934,0.1,0.1,0.1,0.0,0.0,0.1,0.0,0.1
Barangay 340,Manila,2.8,1.248,2.346,4.353,1.716,1.481,4.353,1.12,2.283,0.0,0.1,0.1,0.0,0.0,0.1,0.0,0.1
Barangay 341,Manila,3.2,0.656,3.514,1.356,1.147,4.471,2.136,3.345,4.569,0.0,0.1,0.0,0.0,0.1,0.1,0.1,0.1
Barangay 342,Manila,6.0,0.677,3.472,3.455,2.936,1.924,1.837,4.637,3.604,0.0,0.2,0.2,0.2,0.1,0.1,0.3,0.2
Barangay 462,Manila,2.4,3.191,4.657,3.516,2.612,5.136,3.782,3.561,4.777,0.1,0.1,0.1,0.1,0.1,0.1,0.1,0.1
Barangay 463,Manila,1.4,2.984,3.577,1.569,1.959,1.372,1.986,1.809,1.608,0.0,0.0,0.0,0.0,0.0,0.0,0.0,0.0
Barangay 464,Manila,2.4,2.982,5.129,2.878,1.915,2.923,1.629,3.163,3.051,0.1,0.1,0.1,0.0,0.1,0.0,0.1,0.1
Barangay 465,Manila,1.3,2.807,4.78,3.276,2.883,1.58,5.0,4.381,4.416,0.0,0.1,0.0,0.0,0.0,0.1,0.1,0.1
Barangay 466,Manila,2.1,3.05,6.483,5.889,4.513,1.632,8.202,7.356,7.497,0.1,0.1,0.1,0.1,0.0,0.2,0.2,0.2
Barangay 467,Manila,1.2,2.686,3.398,1.183,1.608,1.501,2.234,1.861,1.774,0.0,0.0,0.0,0.0,0.0,0.0,0.0,0.0
Barangay 468,Manila,1.3,3.073,5.717,2.799,3.474,2.852,3.485,3.96,3.855,0.0,0.1,0.0,0.0,0.0,0.0,0.1,0.1
Barangay 469,Manila,1.2,4.656,12.262,6.547,8.478,6.556,7.106,9.603,8.871,0.1,0.1,0.1,0.1,0.1,0.1,0.1,0.1
Barangay 470,Manila,27.3,6.042,9.259,7.407,4.352,6.252,11.158,8.603,8.353,1.7,2.5,2.0,1.2,1.7,3.1,2.4,2.3
Barangay 471,Manila,3.6,2.855,4.741,3.534,2.011,0.521,6.332,4.39,6.965,0.1,0.2,0.1,0.1,0.0,0.2,0.2,0.2
Barangay 487,Manila,2.2,0.371,1.014,0.0,1.243,0.0,2.079,3.164,2.034,0.0,0.0,0.0,0.0,0.0,0.0,0.1,0.0
Barangay 555,Manila,1.9,0.815,2.56,0.978,0.618,0.949,3.069,3.63,1.216,0.0,0.0,0.0,0.0,0.0,0.1,0.1,0.0
Barangay 556,Manila,1.4,0.735,2.669,1.307,0.969,1.036,2.487,3.241,0.716,0.0,0.0,0.0,0.0,0.0,0.0,0.0,0.0
Barangay 557,Manila,1.3,0.658,2.75,1.638,1.413,1.126,1.888,2.896,0.255,0.0,0.0,0.0,0.0,0.0,0.0,0.0,0.0
Barangay 558,Manila,1.5,0.583,2.653,1.683,1.421,1.096,1.593,2.629,0.0,0.0,0.0,0.0,0.0,0.0,0.0,0.0,0.0
Barangay 559,Manila,1.3,0.414,1.885,1.184,0.968,0.774,1.422,2.347,0.0,0.0,0.0,0.0,0.0,0.0,0.0,0.0,0.0
Barangay 560,Manila,1.5,0.417,2.426,1.524,3.703,0.932,0.418,2.302,0.225,0.0,0.0,0.0,0.1,0.0,0.0,0.0,0.0
Barangay 561,Manila,2.1,0.5,1.32,0.831,0.706,0.887,1.779,2.331,0.067,0.0,0.0,0.0,0.0,0.0,0.0,0.0,0.0
Barangay 562,Manila,2.3,0.581,0.777,0.471,0.551,0.934,2.162,2.09,0.124,0.0,0.0,0.0,0.0,0.0,0.0,0.0,0.0
Barangay 563,Manila,1.4,0.119,0.279,0.0,0.0,0.0,1.454,1.153,0.0,0.0,0.0,0.0,0.0,0.0,0.0,0.0,0.0
Barangay 564,Manila,1.6,0.169,0.397,0.0,0.0,0.0,1.568,0.745,0.0,0.0,0.0,0.0,0.0,0.0,0.0,0.0,0.0
Barangay 565,Manila,3.0,0.173,0.289,0.176,0.424,0.091,1.292,0.385,0.281,0.0,0.0,0.0,0.0,0.0,0.0,0.0,0.0
Barangay 566,Manila,2.7,0.59,0.674,2.259,5.07,1.208,2.801,2.161,2.465,0.0,0.0,0.1,0.1,0.0,0.1,0.1,0.1
Barangay 567,Manila,4.0,0.133,0.738,0.151,0.159,0.0,1.119,0.0,0.0,0.0,0.0,0.0,0.0,0.0,0.0,0.0,0.0
Barangay 568,Manila,2.3,0.529,2.322,2.453,4.662,1.406,0.0,3.06,0.0,0.0,0.1,0.1,0.1,0.0,0.0,0.1,0.0
Barangay 654,Manila,9.4,6.564,10.861,8.09,4.771,6.39,7.438,5.652,8.384,0.6,1.0,0.8,0.4,0.6,0.7,0.5,0.8
Barangay 655,Manila,20.4,4.182,4.856,6.173,6.939,5.63,5.4,6.357,4.98,0.9,1.0,1.3,1.4,1.1,1.1,1.3,1.0
Barangay 656,Manila,31.2,5.677,8.487,10.068,9.263,9.638,8.254,4.35,8.275,1.8,2.6,3.1,2.9,3.0,2.6,1.4,2.6
Barangay 657,Manila,32.9,6.343,8.677,9.978,7.613,10.566,11.311,13.698,10.127,2.1,2.9,3.3,2.5,3.5,3.7,4.5,3.3
Barangay 658,Manila,25.1,6.417,7.275,6.173,5.1,8.17,8.953,10.886,8.311,1.6,1.8,1.5,1.3,2.0,2.2,2.7,2.1
Barangay 663-A,Manila,9.2,7.112,11.112,7.783,6.192,9.11,7.123,9.577,9.052,0.7,1.0,0.7,0.6,0.8,0.7,0.9,0.8
Barangay 667,Manila,20.7,4.034,5.004,6.901,3.094,5.275,7.151,8.12,6.927,0.8,1.0,1.4,0.6,1.1,1.5,1.7,1.4
Barangay 668,Manila,14.4,1.698,4.063,4.649,2.416,4.449,3.396,4.944,6.207,0.2,0.6,0.7,0.3,0.6,0.5,0.7,0.9
Barangay 669,Manila,24.4,4.387,5.068,3.187,3.948,3.546,4.239,4.022,3.74,1.1,1.2,0.8,1.0,0.9,1.0,1.0,0.9
Barangay 670,Manila,13.9,3.152,5.659,4.451,4.215,5.178,5.983,5.884,6.589,0.4,0.8,0.6,0.6,0.7,0.8,0.8,0.9
Barangay 675,Manila,8.7,4.044,4.417,1.808,3.264,3.162,4.084,3.069,6.006,0.4,0.4,0.2,0.3,0.3,0.4,0.3,0.5
Barangay 676,Manila,15.2,6.196,5.456,3.597,3.877,4.102,6.288,4.501,6.814,0.9,0.8,0.5,0.6,0.6,1.0,0.7,1.0
Barangay 685,Manila,9.8,1.74,2.765,3.457,1.816,2.387,3.645,2.933,5.695,0.2,0.3,0.3,0.2,0.2,0.4,0.3,0.6
Barangay 687,Manila,3.6,3.77,4.815,4.437,6.078,3.706,8.096,4.434,8.329,0.1,0.2,0.2,0.2,0.1,0.3,0.2,0.3
Barangay 688,Manila,4.8,2.699,5.788,5.448,13.153,8.756,9.686,7.83,5.905,0.1,0.3,0.3,0.6,0.4,0.5,0.4,0.3
Barangay 689,Manila,2.5,2.519,3.876,2.584,5.955,3.954,4.23,6.437,4.64,0.1,0.1,0.1,0.2,0.1,0.1,0.2,0.1
Barangay 690,Manila,1.2,1.952,2.597,1.703,2.873,2.738,2.21,4.645,5.897,0.0,0.0,0.0,0.0,0.0,0.0,0.1,0.1
Barangay 691,Manila,1.5,1.161,5.083,2.402,3.255,3.891,4.44,3.004,5.099,0.0,0.1,0.0,0.0,0.1,0.1,0.0,0.1
Barangay 692,Manila,4.3,3.377,6.857,3.417,1.195,3.671,3.277,1.271,6.019,0.1,0.3,0.1,0.1,0.2,0.1,0.1,0.3
Barangay 693,Manila,2.8,2.28,3.559,2.277,4.727,4.189,3.796,2.85,6.412,0.1,0.1,0.1,0.1,0.1,0.1,0.1,0.2
Barangay 694,Manila,7.5,2.945,2.983,0.842,4.119,1.962,1.931,2.392,5.171,0.2,0.2,0.1,0.3,0.1,0.1,0.2,0.4
Barangay 695,Manila,4.6,0.933,1.024,3.126,4.445,2.612,3.907,2.891,5.432,0.0,0.0,0.1,0.2,0.1,0.2,0.1,0.3
Barangay 696,Manila,8.3,5.718,4.489,3.065,8.015,4.121,5.106,4.085,5.408,0.5,0.4,0.3,0.7,0.3,0.4,0.3,0.4
Barangay 697,Manila,8.7,5.14,4.26,2.855,2.431,4.006,5.0,3.962,6.244,0.4,0.4,0.2,0.2,0.3,0.4,0.3,0.5
Barangay 698,Manila,8.3,2.632,2.783,1.263,1.67,2.083,2.781,3.04,2.997,0.2,0.2,0.1,0.1,0.2,0.2,0.3,0.2
Barangay 699,Manila,21.3,4.371,5.022,3.297,4.627,1.316,4.221,2.871,5.557,0.9,1.1,0.7,1.0,0.3,0.9,0.6,1.2
Barangay 700,Manila,3.9,3.956,5.112,2.125,2.891,4.028,4.478,4.067,7.556,0.2,0.2,0.1,0.1,0.2,0.2,0.2,0.3
Barangay 701,Manila,19.6,4.824,6.159,4.538,3.044,4.638,5.911,7.145,7.977,0.9,1.2,0.9,0.6,0.9,1.2,1.4,1.6
Barangay 702,Manila,4.4,3.162,6.804,2.728,7.526,7.038,3.978,4.687,4.263,0.1,0.3,0.1,0.3,0.3,0.2,0.2,0.2
Barangay 703,Manila,5.7,10.321,11.516,7.362,10.418,6.941,5.413,5.438,6.844,0.6,0.7,0.4,0.6,0.4,0.3,0.3,0.4
Barangay 706,Manila,3.8,8.173,10.273,5.428,4.516,4.518,4.145,5.315,5.803,0.3,0.4,0.2,0.2,0.2,0.2,0.2,0.2
Barangay 722,Manila,2.8,3.14,5.379,2.104,5.978,3.348,4.542,4.811,5.033,0.1,0.1,0.1,0.2,0.1,0.1,0.1,0.1
Barangay 723,Manila,2.0,5.657,6.942,2.079,5.493,2.697,3.519,2.185,7.762,0.1,0.1,0.0,0.1,0.1,0.1,0.0,0.2
Barangay 724,Manila,8.4,4.231,5.557,2.968,5.421,2.653,5.286,1.739,9.254,0.4,0.5,0.2,0.5,0.2,0.4,0.1,0.8
Barangay 725,Manila,5.6,2.668,4.784,4.021,3.358,1.565,4.818,2.589,5.271,0.1,0.3,0.2,0.2,0.1,0.3,0.1,0.3
Barangay 726,Manila,4.2,5.099,5.842,4.718,3.292,3.201,5.03,4.289,6.364,0.2,0.2,0.2,0.1,0.1,0.2,0.2,0.3
Barangay 727,Manila,5.8,5.584,6.092,3.452,2.538,1.546,4.821,1.306,3.049,0.3,0.4,0.2,0.1,0.1,0.3,0.1,0.2
Barangay 728,Manila,7.4,7.55,9.232,6.211,6.079,4.713,7.581,7.242,9.261,0.6,0.7,0.5,0.5,0.3,0.6,0.5,0.7
Barangay 729,Manila,3.1,0.405,6.285,8.252,7.653,5.866,4.495,5.116,3.361,0.0,0.2,0.3,0.2,0.2,0.1,0.2,0.1
Barangay 730,Manila,4.8,4.014,6.752,5.778,6.936,7.151,5.748,5.918,7.172,0.2,0.3,0.3,0.3,0.3,0.3,0.3,0.3
Barangay 755,Manila,3.3,5.76,5.887,5.582,4.434,6.291,6.137,6.016,6.83,0.2,0.2,0.2,0.1,0.2,0.2,0.2,0.2
Barangay 756,Manila,2.7,7.604,8.24,8.749,5.232,7.804,7.716,5.796,7.03,0.2,0.2,0.2,0.1,0.2,0.2,0.2,0.2
Barangay 757,Manila,1.3,4.881,6.198,7.036,4.488,7.23,7.37,5.223,6.001,0.1,0.1,0.1,0.1,0.1,0.1,0.1,0.1
Barangay 758,Manila,1.7,0.639,1.238,0.762,1.761,4.68,6.222,0.679,4.537,0.0,0.0,0.0,0.0,0.1,0.1,0.0,0.1
Barangay 760,Manila,2.9,0.022,2.11,3.087,0.091,0.242,2.441,2.9,4.037,0.0,0.1,0.1,0.0,0.0,0.1,0.1,0.1
Barangay 761,Manila,3.1,2.453,4.826,5.294,2.516,3.075,3.934,4.083,5.291,0.1,0.2,0.2,0.1,0.1,0.1,0.1,0.2
Barangay 762,Manila,2.6,5.874,6.708,5.536,3.328,5.082,4.71,5.654,6.903,0.2,0.2,0.1,0.1,0.1,0.1,0.1,0.2
Barangay 873,Manila,2.4,4.636,5.962,4.153,2.847,3.112,2.669,4.21,5.789,0.1,0.1,0.1,0.1,0.1,0.1,0.1,0.1
Barangay 876,Manila,3.4,10.142,10.311,4.861,7.482,9.113,10.425,8.164,9.572,0.3,0.4,0.2,0.3,0.3,0.4,0.3,0.3
Barangay 879,Manila,4.8,7.78,5.656,4.253,5.181,3.115,3.351,6.15,5.219,0.4,0.3,0.2,0.2,0.1,0.2,0.3,0.2
Barangay 884,Manila,5.7,2.245,1.489,1.46,1.875,1.231,0.635,4.789,3.08,0.1,0.1,0.1,0.1,0.1,0.0,0.3,0.2
Barangka,Marikina,74.9,11.096,11.103,11.405,8.659,11.878,14.969,13.884,10.221,8.3,8.3,8.5,6.5,8.9,11.2,10.4,7.7
Concepcion Dos,Marikina,196.6,7.751,8.7,8.252,6.817,7.273,9.244,7.826,8.109,15.2,17.1,16.2,13.4,14.3,18.2,15.4,15.9
Concepcion Uno,Marikina,231.4,5.774,6.848,5.859,5.515,6.331,8.336,7.216,7.251,13.4,15.8,13.6,12.8,14.7,19.3,16.7,16.8
Fortune,Marikina,198.1,9.505,12.464,12.37,11.811,10.611,13.292,13.534,11.495,18.8,24.7,24.5,23.4,21.0,26.3,26.8,22.8
Jesus Dela Peña,Marikina,97.5,10.619,9.68,9.971,8.399,8.739,9.834,9.113,8.561,10.4,9.4,9.7,8.2,8.5,9.6,8.9,8.4
Malanday,Marikina,151.7,6.2,7.666,7.118,5.604,6.028,8.563,7.999,6.916,9.4,11.6,10.8,8.5,9.1,13.0,12.1,10.5
Marikina Heights,Marikina,239.4,12.244,14.476,13.349,10.59,12.106,14.009,14.099,11.835,29.3,34.7,32.0,25.4,29.0,33.5,33.8,28.3
Nangka,Marikina,173.8,7.057,6.858,7.575,7.616,7.748,10.023,9.312,8.007,12.3,11.9,13.2,13.2,13.5,17.4,16.2,13.9
Parang,Marikina,174.6,10.11,9.692,10.018,9.421,10.313,12.246,12.773,11.156,17.7,16.9,17.5,16.5,18.0,21.4,22.3,19.5
San Roque,Marikina,110.0,6.214,5.76,7.008,5.558,6.514,8.312,7.743,6.98,6.8,6.3,7.7,6.1,7.2,9.1,8.5,7.7
Santa Elena,Marikina,60.1,6.258,7.236,6.927,6.491,7.422,8.153,7.16,7.596,3.8,4.3,4.2,3.9,4.5,4.9,4.3,4.6
Santo Niño,Marikina,158.3,4.79,6.208,5.915,5.09,5.215,7.956,6.012,6.611,7.6,9.8,9.4,8.1,8.3,12.6,9.5,10.5
Tañong,Marikina,85.5,8.022,7.884,7.983,8.338,8.689,10.878,9.681,7.844,6.9,6.7,6.8,7.1,7.4,9.3,8.3,6.7
Tumana,Marikina,162.6,6.948,8.989,7.87,7.853,7.676,11.035,9.344,8.013,11.3,14.6,12.8,12.8,12.5,17.9,15.2,13.0
Alabang,Muntinlupa,396.1,11.732,11.608,10.75,12.169,12.182,11.328,11.419,11.784,46.5,46.0,42.6,48.2,48.3,44.9,45.2,46.7
Ayala Alabang,Muntinlupa,493.9,13.987,13.334,14.085,15.066,14.966,14.454,13.387,13.491,69.1,65.9,69.6,74.4,73.9,71.4,66.1,66.6
Bayanan,Muntinlupa,75.2,4.788,4.905,3.2,3.218,3.73,5.151,3.933,4.435,3.6,3.7,2.4,2.4,2.8,3.9,3.0,3.3
Buli,Muntinlupa,41.1,8.444,8.248,5.106,6.708,7.469,7.0,6.965,6.603,3.5,3.4,2.1,2.8,3.1,2.9,2.9,2.7
Cupang,Muntinlupa,543.0,10.914,11.131,10.161,11.472,12.02,10.554,10.442,9.957,59.3,60.4,55.2,62.3,65.3,57.3,56.7,54.1
Putatan,Muntinlupa,137.8,5.79,5.432,4.555,5.518,5.752,6.096,5.289,5.032,8.0,7.5,6.3,7.6,7.9,8.4,7.3,6.9
Sucat,Muntinlupa,277.8,8.087,8.912,7.245,8.51,10.448,8.467,10.432,8.586,22.5,24.8,20.1,23.6,29.0,23.5,29.0,23.9
NBBS Dagat-Dagatan,Navotas,40.4,0.915,0.946,1.809,0.612,1.298,2.086,2.638,3.112,0.4,0.4,0.7,0.2,0.5,0.8,1.1,1.3
San Rafael Village,Navotas,42.3,0.971,1.457,1.199,1.07,1.264,1.97,0.987,1.319,0.4,0.6,0.5,0.5,0.5,0.8,0.4,0.6
Tanza,Navotas,515.0,2.999,2.565,2.28,1.308,1.649,2.911,2.455,2.891,15.4,13.2,11.7,6.7,8.5,15.0,12.6,14.9
BF Homes,Paranaque,738.0,8.106,8.318,7.759,8.243,9.272,8.344,8.216,8.26,59.8,61.4,57.3,60.8,68.4,61.6,60.6,61.0
Baclaran,Paranaque,155.4,3.505,4.7,4.415,2.411,3.521,5.317,4.823,7.126,5.4,7.3,6.9,3.7,5.5,8.3,7.5,11.1
Don Bosco,Paranaque,378.8,6.244,7.58,6.013,6.282,7.027,6.466,6.986,7.781,23.6,28.7,22.8,23.8,26.6,24.5,26.5,29.5
Don Galo,Paranaque,146.0,5.207,8.197,6.471,6.482,7.602,7.313,10.246,10.696,7.6,12.0,9.4,9.5,11.1,10.7,15.0,15.6
La Huerta,Paranaque,79.5,2.591,5.298,4.264,3.63,5.192,5.154,6.472,8.945,2.1,4.2,3.4,2.9,4.1,4.1,5.1,7.1
Marcelo Green Village,Paranaque,305.2,7.004,7.9,6.915,8.097,8.047,7.698,8.633,8.452,21.4,24.1,21.1,24.7,24.6,23.5,26.3,25.8
Merville,Paranaque,309.6,6.917,8.97,7.641,8.933,8.752,7.281,7.789,8.611,21.4,27.8,23.7,27.7,27.1,22.5,24.1,26.7
Moonwalk,Paranaque,447.3,6.355,7.655,6.784,7.987,8.505,7.495,8.015,9.107,28.4,34.2,30.3,35.7,38.0,33.5,35.9,40.7
San Antonio,Paranaque,313.0,6.269,6.823,5.802,6.224,6.849,6.899,6.688,7.249,19.6,21.4,18.2,19.5,21.4,21.6,20.9,22.7
San Dionisio,Paranaque,357.3,8.761,9.924,6.708,7.846,8.726,9.046,10.346,12.6,31.3,35.5,24.0,28.0,31.2,32.3,37.0,45.0
San Isidro,Paranaque,274.3,6.844,7.929,6.761,7.761,7.607,8.195,8.196,9.288,18.8,21.8,18.5,21.3,20.9,22.5,22.5,25.5
San Martin de Porres,Paranaque,162.1,7.416,8.419,6.38,7.632,9.082,8.253,7.848,9.637,12.0,13.6,10.3,12.4,14.7,13.4,12.7,15.6
Santo Niño,Paranaque,260.0,2.283,4.038,2.955,3.847,4.513,3.305,5.688,5.275,5.9,10.5,7.7,10.0,11.7,8.6,14.8,13.7
Sun Valley,Paranaque,190.3,6.282,7.317,5.691,6.942,7.82,7.987,7.274,8.291,12.0,13.9,10.8,13.2,14.9,15.2,13.8,15.8
Tambo,Paranaque,365.3,4.036,4.853,4.701,3.959,6.937,5.585,7.549,9.509,14.7,17.7,17.2,14.5,25.3,20.4,27.6,34.7
Vitalez,Paranaque,21.0,3.18,3.167,2.056,3.383,4.27,4.61,4.257,8.092,0.7,0.7,0.4,0.7,0.9,1.0,0.9,1.7
Barangay 1,Pasay,3.5,1.637,7.047,4.161,2.595,5.136,7.159,5.908,9.843,0.1,0.2,0.1,0.1,0.2,0.2,0.2,0.3
Barangay 10,Pasay,3.3,6.479,7.923,5.272,2.777,5.683,4.544,6.484,9.359,0.2,0.3,0.2,0.1,0.2,0.2,0.2,0.3
Barangay 100,Pasay,3.1,8.529,11.041,7.975,8.418,6.566,6.97,8.538,10.676,0.3,0.3,0.3,0.3,0.2,0.2,0.3,0.3
Barangay 101,Pasay,1.7,8.525,11.226,8.494,9.809,6.827,5.906,9.772,9.703,0.1,0.2,0.1,0.2,0.1,0.1,0.2,0.2
Barangay 102,Pasay,1.0,7.386,10.805,8.577,10.482,6.484,4.318,9.954,8.253,0.1,0.1,0.1,0.1,0.1,0.0,0.1,0.1
Barangay 103,Pasay,1.5,5.776,7.813,8.233,7.833,8.122,6.447,10.15,7.369,0.1,0.1,0.1,0.1,0.1,0.1,0.2,0.1
Barangay 104,Pasay,2.6,6.23,8.843,8.195,8.708,7.269,5.5,9.772,7.639,0.2,0.2,0.2,0.2,0.2,0.1,0.3,0.2
Barangay 105,Pasay,1.0,5.057,6.102,6.762,7.657,3.638,3.536,5.782,5.097,0.1,0.1,0.1,0.1,0.0,0.0,0.1,0.1
Barangay 106,Pasay,1.1,3.922,2.703,5.899,6.264,1.473,2.853,2.998,2.436,0.0,0.0,0.1,0.1,0.0,0.0,0.0,0.0
Barangay 107,Pasay,2.4,4.104,3.078,5.643,5.578,1.939,3.173,3.665,3.198,0.1,0.1,0.1,0.1,0.0,0.1,0.1,0.1
Barangay 108,Pasay,3.0,3.568,4.324,4.204,4.672,1.937,2.603,3.723,3.54,0.1,0.1,0.1,0.1,0.1,0.1,0.1,0.1
Barangay 109,Pasay,0.9,4.352,6.876,3.049,3.887,1.815,2.289,5.257,3.541,0.0,0.1,0.0,0.0,0.0,0.0,0.0,0.0
Barangay 11,Pasay,2.0,6.135,9.475,5.897,4.722,5.598,5.997,5.431,7.794,0.1,0.2,0.1,0.1,0.1,0.1,0.1,0.2
Barangay 110,Pasay,1.9,4.364,6.257,3.837,4.75,1.889,2.427,4.914,3.414,0.1,0.1,0.1,0.1,0.0,0.0,0.1,0.1
Barangay 111,Pasay,1.6,5.105,6.567,8.089,6.729,8.805,7.334,10.232,7.0,0.1,0.1,0.1,0.1,0.1,0.1,0.2,0.1
Barangay 112,Pasay,1.1,7.472,7.718,7.956,7.712,9.923,8.684,10.536,8.578,0.1,0.1,0.1,0.1,0.1,0.1,0.1,0.1
Barangay 113,Pasay,3.1,6.65,7.37,5.916,5.783,5.79,6.145,6.441,9.455,0.2,0.2,0.2,0.2,0.2,0.2,0.2,0.3
Barangay 114,Pasay,2.4,8.243,6.182,5.919,6.451,10.433,9.336,10.056,8.618,0.2,0.1,0.1,0.2,0.2,0.2,0.2,0.2
Barangay 115,Pasay,4.7,6.287,4.749,4.467,4.572,7.365,7.006,7.732,7.93,0.3,0.2,0.2,0.2,0.3,0.3,0.4,0.4
Barangay 116,Pasay,0.5,2.905,0.532,1.173,0.0,0.411,1.603,0.789,7.564,0.0,0.0,0.0,0.0,0.0,0.0,0.0,0.0
Barangay 117,Pasay,1.1,2.758,0.906,1.281,0.226,0.637,1.809,1.424,7.284,0.0,0.0,0.0,0.0,0.0,0.0,0.0,0.1
Barangay 118,Pasay,2.4,2.555,1.975,2.331,2.152,2.663,3.714,3.046,6.061,0.1,0.0,0.1,0.1,0.1,0.1,0.1,0.1
Barangay 119,Pasay,3.0,1.344,0.592,2.062,1.7,3.165,4.518,4.299,6.445,0.0,0.0,0.1,0.1,0.1,0.1,0.1,0.2
Barangay 12,Pasay,2.1,5.79,10.092,6.001,4.655,5.35,5.462,4.852,7.424,0.1,0.2,0.1,0.1,0.1,0.1,0.1,0.2
Barangay 120,Pasay,3.3,1.653,2.112,3.471,1.513,2.18,1.425,5.775,7.044,0.1,0.1,0.1,0.1,0.1,0.0,0.2,0.2
Barangay 121,Pasay,1.9,4.938,6.131,2.899,4.205,4.784,4.94,6.376,6.018,0.1,0.1,0.1,0.1,0.1,0.1,0.1,0.1
Barangay 122,Pasay,1.6,4.661,8.828,1.737,2.511,2.153,2.177,6.618,4.375,0.1,0.1,0.0,0.0,0.0,0.0,0.1,0.1
Barangay 123,Pasay,1.4,5.211,3.472,4.044,5.876,7.379,7.666,6.137,7.638,0.1,0.0,0.1,0.1,0.1,0.1,0.1,0.1
Barangay 124,Pasay,2.0,4.115,4.213,6.757,5.882,9.054,8.257,7.996,7.391,0.1,0.1,0.1,0.1,0.2,0.2,0.2,0.1
Barangay 125,Pasay,2.5,4.0,4.399,6.924,5.853,9.059,8.162,8.083,7.338,0.1,0.1,0.2,0.1,0.2,0.2,0.2,0.2
Barangay 126,Pasay,1.0,5.473,4.721,5.981,5.315,9.102,8.243,8.859,7.464,0.1,0.0,0.1,0.1,0.1,0.1,0.1,0.1
Barangay 127,Pasay,2.7,1.97,2.968,5.282,6.044,5.737,5.539,8.366,10.737,0.1,0.1,0.1,0.2,0.2,0.1,0.2,0.3
Barangay 128,Pasay,1.5,1.999,3.211,5.698,7.22,6.636,6.651,8.92,11.637,0.0,0.0,0.1,0.1,0.1,0.1,0.1,0.2
Barangay 129,Pasay,1.2,4.419,2.556,4.933,6.893,8.092,8.339,6.933,9.382,0.1,0.0,0.1,0.1,0.1,0.1,0.1,0.1
Barangay 13,Pasay,15.9,7.081,8.029,5.989,7.065,6.525,5.93,4.478,9.117,1.1,1.3,0.9,1.1,1.0,0.9,0.7,1.4
Barangay 130,Pasay,3.7,5.647,3.655,3.776,2.906,3.208,5.222,4.97,8.111,0.2,0.1,0.1,0.1,0.1,0.2,0.2,0.3
Barangay 131,Pasay,3.1,4.762,3.171,5.116,6.844,8.3,8.218,5.689,8.45,0.1,0.1,0.2,0.2,0.3,0.3,0.2,0.3
Barangay 132,Pasay,0.7,6.672,4.707,3.613,2.935,3.745,6.333,6.928,9.75,0.0,0.0,0.0,0.0,0.0,0.0,0.0,0.1
Barangay 133,Pasay,2.2,4.006,3.52,4.169,5.1,6.732,6.412,5.419,7.686,0.1,0.1,0.1,0.1,0.1,0.1,0.1,0.2
Barangay 134,Pasay,3.4,7.878,8.915,7.111,5.674,7.12,8.298,8.517,11.299,0.3,0.3,0.2,0.2,0.2,0.3,0.3,0.4
Barangay 135,Pasay,4.4,9.803,13.775,10.412,7.554,10.14,9.982,11.785,11.614,0.4,0.6,0.5,0.3,0.4,0.4,0.5,0.5
Barangay 136,Pasay,3.4,4.623,2.597,1.049,0.765,4.24,4.662,6.817,5.691,0.2,0.1,0.0,0.0,0.1,0.2,0.2,0.2
Barangay 137,Pasay,2.7,8.553,9.109,6.821,4.972,7.66,7.95,12.372,6.555,0.2,0.2,0.2,0.1,0.2,0.2,0.3,0.2
Barangay 138,Pasay,1.3,2.162,3.802,1.547,1.762,3.462,4.193,7.751,4.571,0.0,0.0,0.0,0.0,0.0,0.1,0.1,0.1
Barangay 139,Pasay,1.2,0.998,5.395,2.579,2.936,3.358,4.279,9.047,3.929,0.0,0.1,0.0,0.0,0.0,0.1,0.1,0.0
Barangay 14,Pasay,2.6,3.386,2.712,1.418,1.892,4.474,3.648,3.178,6.749,0.1,0.1,0.0,0.0,0.1,0.1,0.1,0.2
Barangay 140,Pasay,1.2,0.998,5.395,2.579,2.936,3.358,4.279,9.047,3.929,0.0,0.1,0.0,0.0,0.0,0.1,0.1,0.0
Barangay 141,Pasay,1.7,2.186,4.853,2.115,1.78,2.819,3.11,5.825,4.376,0.0,0.1,0.0,0.0,0.0,0.1,0.1,0.1
Barangay 142,Pasay,1.1,2.32,3.146,2.038,1.432,3.429,3.615,4.048,4.983,0.0,0.0,0.0,0.0,0.0,0.0,0.0,0.1
Barangay 143,Pasay,6.2,5.302,5.461,4.229,2.524,3.493,4.315,7.406,6.236,0.3,0.3,0.3,0.2,0.2,0.3,0.5,0.4
Barangay 144,Pasay,6.1,2.819,2.763,2.986,1.388,2.4,3.274,4.323,5.659,0.2,0.2,0.2,0.1,0.1,0.2,0.3,0.3
Barangay 145,Pasay,3.0,0.292,0.125,0.087,0.005,0.207,0.496,1.566,2.148,0.0,0.0,0.0,0.0,0.0,0.0,0.0,0.1
Barangay 146,Pasay,5.6,5.064,3.516,3.228,0.889,3.911,2.643,5.915,8.722,0.3,0.2,0.2,0.0,0.2,0.1,0.3,0.5
Barangay 147,Pasay,3.7,5.462,5.101,5.407,2.717,3.787,2.539,3.636,6.405,0.2,0.2,0.2,0.1,0.1,0.1,0.1,0.2
Barangay 148,Pasay,9.1,4.024,4.644,5.677,3.505,5.207,4.623,7.3,6.922,0.4,0.4,0.5,0.3,0.5,0.4,0.7,0.6
Barangay 149,Pasay,1.2,4.113,3.385,2.287,1.853,3.251,4.748,1.873,5.428,0.1,0.0,0.0,0.0,0.0,0.1,0.0,0.1
Barangay 15,Pasay,3.3,7.434,6.884,3.297,5.551,6.799,7.617,6.058,11.834,0.2,0.2,0.1,0.2,0.2,0.3,0.2,0.4
Barangay 150,Pasay,1.7,2.0,1.909,1.194,3.058,4.483,3.545,2.988,2.565,0.0,0.0,0.0,0.1,0.1,0.1,0.1,0.0
Barangay 151,Pasay,2.4,2.042,2.171,1.189,3.163,4.464,3.342,2.96,2.932,0.0,0.1,0.0,0.1,0.1,0.1,0.1,0.1
Barangay 152,Pasay,4.3,3.137,4.414,1.895,1.477,3.196,2.241,3.078,5.095,0.1,0.2,0.1,0.1,0.1,0.1,0.1,0.2
Barangay 153,Pasay,1.8,2.756,3.135,0.368,3.999,4.482,1.556,1.144,2.146,0.1,0.1,0.0,0.1,0.1,0.0,0.0,0.0
Barangay 154,Pasay,0.4,3.389,2.953,0.0,3.242,4.058,1.159,0.0,0.0,0.0,0.0,0.0,0.0,0.0,0.0,0.0,0.0
Barangay 155,Pasay,1.7,4.403,3.557,3.202,1.297,2.928,6.183,2.622,7.6,0.1,0.1,0.1,0.0,0.1,0.1,0.0,0.1
Barangay 156,Pasay,3.6,4.946,5.94,5.284,0.05,2.734,8.351,4.747,11.986,0.2,0.2,0.2,0.0,0.1,0.3,0.2,0.4
Barangay 157,Pasay,2.2,1.549,3.484,1.539,5.101,5.019,2.677,3.517,6.722,0.0,0.1,0.0,0.1,0.1,0.1,0.1,0.1
Barangay 158,Pasay,1.7,2.358,4.157,4.172,3.262,5.816,3.886,6.187,6.889,0.0,0.1,0.1,0.1,0.1,0.1,0.1,0.1
Barangay 159,Pasay,3.1,1.877,2.678,3.179,1.14,3.359,3.033,4.172,5.52,0.1,0.1,0.1,0.0,0.1,0.1,0.1,0.2
Barangay 16,Pasay,1.6,0.58,0.5,1.15,1.1,3.15,1.584,1.309,3.126,0.0,0.0,0.0,0.0,0.0,0.0,0.0,0.0
Barangay 160,Pasay,1.7,1.853,3.627,3.836,1.099,3.746,3.297,4.832,5.367,0.0,0.1,0.1,0.0,0.1,0.1,0.1,0.1
Barangay 161,Pasay,5.9,1.196,5.541,3.417,0.191,3.226,3.012,5.717,7.276,0.1,0.3,0.2,0.0,0.2,0.2,0.3,0.4
Barangay 162,Pasay,3.1,1.731,3.257,1.372,2.949,3.051,1.617,3.909,5.072,0.1,0.1,0.0,0.1,0.1,0.1,0.1,0.2
Barangay 163,Pasay,1.8,1.397,2.79,3.346,0.841,1.073,1.617,3.641,4.004,0.0,0.1,0.1,0.0,0.0,0.0,0.1,0.1
Barangay 164,Pasay,1.8,0.82,2.605,5.271,0.0,0.301,2.089,3.525,4.164,0.0,0.0,0.1,0.0,0.0,0.0,0.1,0.1
Barangay 165,Pasay,6.0,0.548,3.127,4.493,0.031,0.756,2.792,2.791,6.132,0.0,0.2,0.3,0.0,0.0,0.2,0.2,0.4
Barangay 166,Pasay,2.2,0.831,2.253,0.712,0.01,0.441,1.107,1.685,3.375,0.0,0.0,0.0,0.0,0.0,0.0,0.0,0.1
Barangay 167,Pasay,1.3,2.911,3.249,0.785,0.096,0.742,0.5,3.534,2.278,0.0,0.0,0.0,0.0,0.0,0.0,0.0,0.0
Barangay 168,Pasay,2.0,2.91,6.054,5.378,0.655,2.832,3.526,2.309,6.167,0.1,0.1,0.1,0.0,0.1,0.1,0.0,0.1
Barangay 169,Pasay,3.7,2.381,2.933,1.378,3.338,1.78,3.742,2.845,5.821,0.1,0.1,0.1,0.1,0.1,0.1,0.1,0.2
Barangay 17,Pasay,1.0,9.471,8.985,8.665,12.267,7.672,8.693,4.843,9.49,0.1,0.1,0.1,0.1,0.1,0.1,0.0,0.1
Barangay 170,Pasay,1.2,2.415,3.012,1.317,2.313,1.424,2.748,1.829,5.406,0.0,0.0,0.0,0.0,0.0,0.0,0.0,0.1
Barangay 171,Pasay,2.8,3.892,5.103,2.601,2.333,1.869,2.362,1.176,3.843,0.1,0.1,0.1,0.1,0.1,0.1,0.0,0.1
Barangay 172,Pasay,4.9,2.982,4.54,3.216,2.634,2.704,3.215,2.675,4.066,0.1,0.2,0.2,0.1,0.1,0.2,0.1,0.2
Barangay 173,Pasay,3.0,4.294,5.486,5.449,4.306,5.457,5.784,7.06,5.39,0.1,0.2,0.2,0.1,0.2,0.2,0.2,0.2
Barangay 174,Pasay,2.2,4.079,5.13,4.813,3.71,4.822,5.144,6.69,4.918,0.1,0.1,0.1,0.1,0.1,0.1,0.1,0.1
Barangay 175,Pasay,2.2,3.035,2.857,1.453,0.341,1.642,2.315,4.708,3.027,0.1,0.1,0.0,0.0,0.0,0.1,0.1,0.1
Barangay 176,Pasay,1.7,9.352,10.06,7.43,8.641,10.885,11.012,10.979,14.39,0.2,0.2,0.1,0.1,0.2,0.2,0.2,0.2
Barangay 177,Pasay,6.1,5.308,4.295,3.735,2.848,4.87,5.124,4.016,8.846,0.3,0.3,0.2,0.2,0.3,0.3,0.2,0.5
Barangay 178,Pasay,4.2,3.431,4.653,2.399,2.16,3.414,2.67,2.769,5.944,0.1,0.2,0.1,0.1,0.1,0.1,0.1,0.2
Barangay 179,Pasay,4.4,0.878,2.365,2.311,0.414,1.542,2.327,1.373,5.339,0.0,0.1,0.1,0.0,0.1,0.1,0.1,0.2
Barangay 18,Pasay,3.7,3.015,3.964,3.537,2.68,3.685,3.149,1.403,4.138,0.1,0.1,0.1,0.1,0.1,0.1,0.1,0.2
Barangay 181,Pasay,1.6,1.301,0.602,1.273,1.011,2.933,3.459,2.304,6.641,0.0,0.0,0.0,0.0,0.0,0.1,0.0,0.1
Barangay 182,Pasay,4.0,0.844,1.062,2.548,0.943,1.867,3.633,2.088,6.159,0.0,0.0,0.1,0.0,0.1,0.1,0.1,0.2
Barangay 183,Pasay,629.4,5.29,7.227,6.221,6.957,8.197,6.193,6.746,6.023,33.3,45.5,39.2,43.8,51.6,39.0,42.5,37.9
Barangay 184,Pasay,14.2,2.128,1.822,2.514,0.898,1.43,2.628,2.09,3.515,0.3,0.3,0.4,0.1,0.2,0.4,0.3,0.5
Barangay 185,Pasay,4.8,0.371,2.478,4.019,2.61,3.278,7.161,5.352,6.019,0.0,0.1,0.2,0.1,0.2,0.3,0.3,0.3
Barangay 186,Pasay,3.7,3.447,10.557,3.917,0.169,3.78,3.586,4.974,8.909,0.1,0.4,0.1,0.0,0.1,0.1,0.2,0.3
Barangay 187,Pasay,1.9,1.423,1.116,2.967,2.328,3.823,2.585,5.398,4.839,0.0,0.0,0.1,0.0,0.1,0.0,0.1,0.1
Barangay 188,Pasay,1.0,0.902,0.385,0.269,0.016,0.639,1.668,2.05,5.539,0.0,0.0,0.0,0.0,0.0,0.0,0.0,0.1
Barangay 189,Pasay,4.4,4.171,5.097,4.662,3.372,2.71,4.514,4.968,6.398,0.2,0.2,0.2,0.1,0.1,0.2,0.2,0.3
Barangay 19,Pasay,1.0,10.442,8.998,9.711,12.238,7.974,8.273,3.717,8.472,0.1,0.1,0.1,0.1,0.1,0.1,0.0,0.1
Barangay 190,Pasay,26.9,6.231,5.522,2.144,1.475,3.972,3.428,3.532,4.878,1.7,1.5,0.6,0.4,1.1,0.9,1.0,1.3
Barangay 191,Pasay,48.1,1.617,2.984,1.844,2.282,1.877,3.144,1.855,5.895,0.8,1.4,0.9,1.1,0.9,1.5,0.9,2.8
Barangay 192,Pasay,8.9,3.196,4.069,3.978,2.572,4.316,5.307,5.229,5.403,0.3,0.4,0.4,0.2,0.4,0.5,0.5,0.5
Barangay 193,Pasay,5.8,5.69,6.748,5.496,3.821,7.868,7.612,7.253,9.887,0.3,0.4,0.3,0.2,0.5,0.4,0.4,0.6
Barangay 194,Pasay,5.7,6.173,8.28,5.901,5.011,8.254,8.293,8.272,10.646,0.4,0.5,0.3,0.3,0.5,0.5,0.5,0.6
Barangay 195,Pasay,2.4,6.435,6.793,5.204,5.605,5.356,7.317,4.395,5.208,0.2,0.2,0.1,0.1,0.1,0.2,0.1,0.1
Barangay 196,Pasay,2.0,5.629,3.089,4.014,3.41,4.171,7.352,4.771,9.659,0.1,0.1,0.1,0.1,0.1,0.1,0.1,0.2
Barangay 197,Pasay,8.5,6.359,7.94,4.835,8.776,8.865,8.97,7.959,7.971,0.5,0.7,0.4,0.7,0.8,0.8,0.7,0.7
Barangay 198,Pasay,49.5,15.68,18.1,15.086,16.882,16.324,16.966,6.977,4.213,7.8,9.0,7.5,8.4,8.1,8.4,3.5,2.1
Barangay 199,Pasay,2.6,2.566,4.118,1.442,1.849,3.437,3.606,5.694,4.272,0.1,0.1,0.0,0.0,0.1,0.1,0.1,0.1
Barangay 2,Pasay,2.2,0.914,5.455,2.947,0.842,4.513,5.808,4.853,8.447,0.0,0.1,0.1,0.0,0.1,0.1,0.1,0.2
Barangay 20,Pasay,3.5,4.015,7.898,5.028,0.682,2.655,5.25,2.594,6.32,0.1,0.3,0.2,0.0,0.1,0.2,0.1,0.2
Barangay 200,Pasay,1.0,3.7,3.22,0.953,2.059,5.009,5.286,5.611,1.447,0.0,0.0,0.0,0.0,0.0,0.1,0.1,0.0
Barangay 201,Pasay,36.4,6.569,8.404,6.428,6.683,7.379,6.976,7.839,8.48,2.4,3.1,2.3,2.4,2.7,2.5,2.9,3.1
Barangay 21,Pasay,1.8,3.576,6.419,4.43,0.847,2.945,5.942,4.069,7.658,0.1,0.1,0.1,0.0,0.1,0.1,0.1,0.1
Barangay 22,Pasay,0.9,3.718,4.841,4.216,2.19,3.808,7.034,5.864,9.399,0.0,0.0,0.0,0.0,0.0,0.1,0.1,0.1
Barangay 23,Pasay,4.3,4.485,8.551,6.389,3.887,4.446,6.445,6.519,11.921,0.2,0.4,0.3,0.2,0.2,0.3,0.3,0.5
Barangay 24,Pasay,2.9,4.404,9.73,7.321,5.479,4.578,7.398,6.84,12.889,0.1,0.3,0.2,0.2,0.1,0.2,0.2,0.4
Barangay 25,Pasay,3.1,1.387,5.268,2.029,3.411,9.174,5.56,5.439,9.847,0.0,0.2,0.1,0.1,0.3,0.2,0.2,0.3
Barangay 26,Pasay,1.9,5.471,7.955,5.764,6.375,6.717,6.385,6.163,10.577,0.1,0.2,0.1,0.1,0.1,0.1,0.1,0.2
Barangay 27,Pasay,3.1,6.238,6.176,5.51,6.214,6.446,4.396,2.903,9.248,0.2,0.2,0.2,0.2,0.2,0.1,0.1,0.3
Barangay 28,Pasay,2.1,3.152,7.947,5.207,4.877,6.035,6.57,5.562,10.611,0.1,0.2,0.1,0.1,0.1,0.1,0.1,0.2
Barangay 29,Pasay,2.5,1.347,5.372,4.577,4.845,8.023,6.812,5.594,9.987,0.0,0.1,0.1,0.1,0.2,0.2,0.1,0.3
Barangay 3,Pasay,2.0,1.175,4.424,2.233,0.517,3.931,4.808,4.76,7.684,0.0,0.1,0.0,0.0,0.1,0.1,0.1,0.2
Barangay 30,Pasay,1.4,6.059,7.946,6.911,7.245,5.662,7.297,5.669,9.42,0.1,0.1,0.1,0.1,0.1,0.1,0.1,0.1
Barangay 31,Pasay,2.9,5.16,7.009,5.961,6.587,5.399,6.588,4.624,8.458,0.1,0.2,0.2,0.2,0.2,0.2,0.1,0.2
Barangay 32,Pasay,1.7,0.96,4.585,0.768,3.186,1.068,0.863,0.0,4.023,0.0,0.1,0.0,0.1,0.0,0.0,0.0,0.1
Barangay 33,Pasay,7.5,5.861,8.42,6.433,8.07,6.745,8.954,6.951,11.18,0.4,0.6,0.5,0.6,0.5,0.7,0.5,0.8
Barangay 34,Pasay,3.7,9.569,8.9,9.403,11.625,7.413,8.023,4.049,9.127,0.4,0.3,0.3,0.4,0.3,0.3,0.1,0.3
Barangay 35,Pasay,2.8,8.116,9.097,6.648,4.519,7.413,8.102,7.687,10.738,0.2,0.3,0.2,0.1,0.2,0.2,0.2,0.3
Barangay 36,Pasay,3.2,7.505,9.589,8.707,7.447,6.316,6.994,6.056,11.699,0.2,0.3,0.3,0.2,0.2,0.2,0.2,0.4
Barangay 37,Pasay,5.1,10.49,11.67,6.727,4.7,7.132,6.393,6.109,8.813,0.5,0.6,0.3,0.2,0.4,0.3,0.3,0.4
Barangay 38,Pasay,10.1,5.081,7.794,4.437,3.362,3.331,4.718,3.461,6.894,0.5,0.8,0.4,0.3,0.3,0.5,0.3,0.7
Barangay 39,Pasay,4.9,2.986,5.279,4.523,4.382,4.371,7.02,5.247,8.58,0.1,0.3,0.2,0.2,0.2,0.3,0.3,0.4
Barangay 4,Pasay,2.7,8.101,10.686,7.313,6.836,7.507,8.492,8.613,12.308,0.2,0.3,0.2,0.2,0.2,0.2,0.2,0.3
Barangay 40,Pasay,5.3,2.266,4.32,2.032,2.996,1.976,3.975,2.801,6.338,0.1,0.2,0.1,0.2,0.1,0.2,0.1,0.3
Barangay 41,Pasay,3.7,4.323,7.683,5.022,5.008,6.869,8.06,6.579,10.297,0.2,0.3,0.2,0.2,0.3,0.3,0.2,0.4
Barangay 42,Pasay,2.4,3.925,7.525,3.294,7.88,6.5,6.612,6.201,11.506,0.1,0.2,0.1,0.2,0.2,0.2,0.2,0.3
Barangay 43,Pasay,1.7,3.551,6.535,3.966,7.769,6.971,6.772,6.114,9.764,0.1,0.1,0.1,0.1,0.1,0.1,0.1,0.2
Barangay 44,Pasay,5.8,5.471,8.53,6.126,4.731,2.876,3.728,2.298,9.49,0.3,0.5,0.4,0.3,0.2,0.2,0.1,0.6
Barangay 45,Pasay,3.0,5.023,8.253,4.156,4.819,2.912,3.741,2.75,10.013,0.2,0.3,0.1,0.1,0.1,0.1,0.1,0.3
Barangay 46,Pasay,3.8,3.832,5.034,1.553,4.06,3.971,4.225,5.293,7.392,0.1,0.2,0.1,0.2,0.2,0.2,0.2,0.3
Barangay 47,Pasay,5.2,6.831,6.565,5.382,5.618,4.789,9.682,2.612,10.243,0.4,0.3,0.3,0.3,0.3,0.5,0.1,0.5
Barangay 48,Pasay,2.1,4.595,5.341,2.605,2.72,4.336,4.747,3.261,8.667,0.1,0.1,0.1,0.1,0.1,0.1,0.1,0.2
Barangay 49,Pasay,3.6,6.118,6.483,3.555,5.086,4.152,5.941,3.538,7.478,0.2,0.2,0.1,0.2,0.1,0.2,0.1,0.3
Barangay 5,Pasay,2.1,10.506,13.327,9.202,8.791,8.653,9.982,9.995,14.104,0.2,0.3,0.2,0.2,0.2,0.2,0.2,0.3
Barangay 50,Pasay,0.8,4.585,5.916,3.066,3.303,5.576,2.714,2.677,5.642,0.0,0.0,0.0,0.0,0.0,0.0,0.0,0.0
Barangay 51,Pasay,2.5,4.737,6.2,3.314,3.733,5.626,2.859,2.536,5.874,0.1,0.2,0.1,0.1,0.1,0.1,0.1,0.1
Barangay 52,Pasay,3.1,5.176,6.437,3.304,3.714,4.425,5.44,3.992,6.963,0.2,0.2,0.1,0.1,0.1,0.2,0.1,0.2
Barangay 53,Pasay,1.0,4.837,6.371,3.65,3.95,5.787,2.53,2.363,4.794,0.1,0.1,0.0,0.0,0.1,0.0,0.0,0.1
Barangay 54,Pasay,1.6,4.548,6.648,3.988,5.143,5.268,3.937,2.097,7.103,0.1,0.1,0.1,0.1,0.1,0.1,0.0,0.1
Barangay 55,Pasay,2.1,3.894,6.718,3.657,3.993,3.485,7.611,5.397,8.073,0.1,0.1,0.1,0.1,0.1,0.2,0.1,0.2
Barangay 56,Pasay,1.8,1.798,6.843,5.224,6.262,4.306,6.695,4.058,7.039,0.0,0.1,0.1,0.1,0.1,0.1,0.1,0.1
Barangay 57,Pasay,1.4,1.314,2.471,1.633,1.957,3.036,4.103,2.175,5.615,0.0,0.0,0.0,0.0,0.0,0.1,0.0,0.1
Barangay 58,Pasay,4.4,2.997,4.566,2.379,2.835,2.156,4.957,3.867,6.856,0.1,0.2,0.1,0.1,0.1,0.2,0.2,0.3
Barangay 59,Pasay,3.7,2.575,1.14,0.14,0.61,0.0,0.659,1.147,4.636,0.1,0.0,0.0,0.0,0.0,0.0,0.0,0.2
Barangay 6,Pasay,1.7,9.35,12.755,8.57,7.093,7.337,8.779,7.973,12.054,0.2,0.2,0.1,0.1,0.1,0.1,0.1,0.2
Barangay 60,Pasay,3.2,3.098,3.092,1.668,2.342,2.374,2.655,1.649,5.156,0.1,0.1,0.1,0.1,0.1,0.1,0.1,0.2
Barangay 61,Pasay,0.8,1.173,1.19,0.58,0.696,2.664,3.343,1.623,5.198,0.0,0.0,0.0,0.0,0.0,0.0,0.0,0.0
Barangay 62,Pasay,2.4,1.095,0.484,0.0,0.0,2.459,2.924,1.319,4.968,0.0,0.0,0.0,0.0,0.1,0.1,0.0,0.1
Barangay 63,Pasay,1.0,1.851,2.274,1.13,1.47,3.511,3.891,1.987,5.571,0.0,0.0,0.0,0.0,0.0,0.0,0.0,0.1
Barangay 64,Pasay,1.1,3.174,5.406,3.108,4.041,5.353,5.583,3.156,6.626,0.0,0.1,0.0,0.0,0.1,0.1,0.0,0.1
Barangay 65,Pasay,2.9,1.689,1.082,1.023,0.901,3.437,5.259,2.343,6.882,0.0,0.0,0.0,0.0,0.1,0.2,0.1,0.2
Barangay 66,Pasay,2.9,2.56,4.053,3.079,2.694,3.919,3.743,3.734,6.44,0.1,0.1,0.1,0.1,0.1,0.1,0.1,0.2
Barangay 67,Pasay,2.7,1.174,0.56,1.675,0.808,2.839,4.306,3.144,7.235,0.0,0.0,0.0,0.0,0.1,0.1,0.1,0.2
Barangay 68,Pasay,1.5,3.395,4.109,1.77,4.441,5.007,3.151,0.544,7.295,0.1,0.1,0.0,0.1,0.1,0.0,0.0,0.1
Barangay 69,Pasay,1.2,0.96,4.585,0.768,3.186,1.068,0.863,0.0,4.023,0.0,0.1,0.0,0.0,0.0,0.0,0.0,0.0
Barangay 7,Pasay,2.9,5.029,8.128,4.513,3.62,5.129,5.093,7.032,8.684,0.1,0.2,0.1,0.1,0.1,0.1,0.2,0.2
Barangay 70,Pasay,6.6,4.5,3.303,3.346,4.233,5.238,4.714,1.052,7.988,0.3,0.2,0.2,0.3,0.3,0.3,0.1,0.5
Barangay 71,Pasay,1.3,1.757,0.917,0.154,1.773,2.306,1.751,0.05,1.516,0.0,0.0,0.0,0.0,0.0,0.0,0.0,0.0
Barangay 72,Pasay,1.9,3.777,4.745,4.081,4.93,5.733,4.792,3.236,7.477,0.1,0.1,0.1,0.1,0.1,0.1,0.1,0.1
Barangay 73,Pasay,6.6,9.212,9.965,9.776,6.766,7.903,7.637,5.982,13.505,0.6,0.7,0.6,0.4,0.5,0.5,0.4,0.9
Barangay 74,Pasay,3.3,5.021,8.732,7.356,7.745,10.534,8.137,8.421,12.026,0.2,0.3,0.2,0.3,0.3,0.3,0.3,0.4
Barangay 75,Pasay,9.6,5.794,8.604,7.401,5.028,6.314,6.908,5.536,9.697,0.6,0.8,0.7,0.5,0.6,0.7,0.5,0.9
Barangay 76,Pasay,418.8,3.57,4.393,3.838,4.976,4.95,5.057,4.898,7.344,14.9,18.4,16.1,20.8,20.7,21.2,20.5,30.8
Barangay 77,Pasay,5.0,0.089,2.019,1.462,0.0,2.42,3.488,0.493,5.518,0.0,0.1,0.1,0.0,0.1,0.2,0.0,0.3
Barangay 78,Pasay,4.1,0.0,0.429,0.31,0.0,0.514,0.731,0.843,1.362,0.0,0.0,0.0,0.0,0.0,0.0,0.0,0.1
Barangay 79,Pasay,4.4,4.214,4.792,3.623,1.369,4.625,4.2,4.284,7.873,0.2,0.2,0.2,0.1,0.2,0.2,0.2,0.3
Barangay 8,Pasay,2.4,4.7,6.598,3.611,1.934,5.192,2.895,7.562,9.457,0.1,0.2,0.1,0.0,0.1,0.1,0.2,0.2
Barangay 80,Pasay,2.5,8.429,10.34,8.771,6.299,8.097,8.049,6.96,10.581,0.2,0.3,0.2,0.2,0.2,0.2,0.2,0.3
Barangay 81,Pasay,1.7,6.932,9.747,8.502,8.684,10.926,7.554,9.447,10.866,0.1,0.2,0.1,0.2,0.2,0.1,0.2,0.2
Barangay 82,Pasay,0.8,3.205,1.563,3.134,1.92,2.48,1.451,0.0,0.0,0.0,0.0,0.0,0.0,0.0,0.0,0.0,0.0
Barangay 83,Pasay,2.3,5.802,8.412,6.013,1.941,5.7,3.115,3.631,5.833,0.1,0.2,0.1,0.0,0.1,0.1,0.1,0.1
Barangay 84,Pasay,1.5,3.205,1.563,3.134,1.92,2.48,1.451,0.0,0.0,0.0,0.0,0.0,0.0,0.0,0.0,0.0,0.0
Barangay 85,Pasay,4.4,3.034,5.854,5.405,5.723,8.167,6.555,6.075,9.274,0.1,0.3,0.2,0.3,0.4,0.3,0.3,0.4
Barangay 86,Pasay,1.4,2.256,4.171,5.877,6.198,7.259,5.825,6.561,10.385,0.0,0.1,0.1,0.1,0.1,0.1,0.1,0.1
Barangay 87,Pasay,1.1,2.066,4.497,5.539,5.959,7.554,6.22,6.401,10.407,0.0,0.1,0.1,0.1,0.1,0.1,0.1,0.1
Barangay 88,Pasay,3.3,5.313,10.848,6.916,9.942,9.215,6.807,8.98,11.46,0.2,0.4,0.2,0.3,0.3,0.2,0.3,0.4
Barangay 89,Pasay,1.6,4.059,8.81,5.924,8.004,6.941,5.626,6.772,9.385,0.1,0.1,0.1,0.1,0.1,0.1,0.1,0.1
Barangay 9,Pasay,1.4,4.733,6.625,3.642,1.904,5.193,2.871,7.531,9.473,0.1,0.1,0.1,0.0,0.1,0.0,0.1,0.1
Barangay 90,Pasay,2.0,4.823,9.69,5.812,8.331,7.122,5.947,6.811,9.495,0.1,0.2,0.1,0.2,0.1,0.1,0.1,0.2
Barangay 91,Pasay,2.2,3.273,6.207,1.517,2.8,1.938,4.587,0.0,4.349,0.1,0.1,0.0,0.1,0.0,0.1,0.0,0.1
Barangay 92,Pasay,2.2,2.971,5.995,1.419,2.85,1.825,4.101,0.0,4.307,0.1,0.1,0.0,0.1,0.0,0.1,0.0,0.1
Barangay 93,Pasay,3.7,2.545,3.94,3.803,2.664,3.243,4.205,3.935,6.16,0.1,0.1,0.1,0.1,0.1,0.2,0.1,0.2
Barangay 94,Pasay,2.9,2.613,3.689,4.212,2.722,3.539,4.164,4.742,6.559,0.1,0.1,0.1,0.1,0.1,0.1,0.1,0.2
Barangay 95,Pasay,1.9,5.418,4.62,4.528,1.615,3.748,4.313,7.68,6.91,0.1,0.1,0.1,0.0,0.1,0.1,0.1,0.1
Barangay 96,Pasay,2.5,1.798,3.585,3.895,2.869,3.167,4.05,3.475,6.099,0.0,0.1,0.1,0.1,0.1,0.1,0.1,0.2
Barangay 97,Pasay,7.4,4.007,4.618,5.145,4.243,4.609,3.542,3.623,5.909,0.3,0.3,0.4,0.3,0.3,0.3,0.3,0.4
Barangay 98,Pasay,4.5,5.192,5.103,3.076,3.735,2.217,2.498,1.033,4.529,0.2,0.2,0.1,0.2,0.1,0.1,0.0,0.2
Barangay 99,Pasay,2.2,2.198,7.538,5.215,3.548,3.035,4.703,1.894,8.619,0.0,0.2,0.1,0.1,0.1,0.1,0.0,0.2
Bagong Ilog,Pasig,123.2,5.409,6.842,6.128,5.126,5.764,9.057,6.683,7.56,6.7,8.4,7.6,6.3,7.1,11.2,8.2,9.3
Bagong Katipunan,Pasig,1.8,6.158,9.978,7.23,9.452,8.961,10.878,8.972,9.212,0.1,0.2,0.1,0.2,0.2,0.2,0.2,0.2
Buting,Pasig,27.8,5.851,6.191,2.168,3.141,3.316,7.088,6.384,5.607,1.6,1.7,0.6,0.9,0.9,2.0,1.8,1.6
Caniogan,Pasig,97.6,6.15,7.685,6.062,4.694,5.734,8.322,7.823,7.943,6.0,7.5,5.9,4.6,5.6,8.1,7.6,7.8
Dela Paz,Pasig,102.2,4.048,4.569,4.562,4.859,4.669,6.35,5.509,6.634,4.1,4.7,4.7,5.0,4.8,6.5,5.6,6.8
Kalawaan,Pasig,106.3,6.089,7.56,5.358,4.996,6.491,7.748,6.724,7.218,6.5,8.0,5.7,5.3,6.9,8.2,7.1,7.7
Kapasigan,Pasig,16.5,3.36,8.105,3.819,7.46,6.098,10.259,6.537,8.38,0.6,1.3,0.6,1.2,1.0,1.7,1.1,1.4
Kapitolyo,Pasig,98.2,5.369,5.812,4.178,5.043,4.745,5.636,4.788,6.926,5.3,5.7,4.1,5.0,4.7,5.5,4.7,6.8
Manggahan,Pasig,282.8,6.14,6.258,6.675,6.098,6.394,7.424,6.12,5.267,17.4,17.7,18.9,17.2,18.1,21.0,17.3,14.9
Maybunga,Pasig,158.0,9.102,8.972,7.925,8.289,8.539,10.867,10.613,10.421,14.4,14.2,12.5,13.1,13.5,17.2,16.8,16.5
Oranbo,Pasig,47.6,6.634,7.627,7.207,7.288,7.387,8.753,10.435,9.984,3.2,3.6,3.4,3.5,3.5,4.2,5.0,4.7
Pinagbuhatan,Pasig,336.7,3.439,4.727,3.063,2.779,4.393,5.529,3.862,4.593,11.6,15.9,10.3,9.4,14.8,18.6,13.0,15.5
Pineda,Pasig,62.2,5.679,8.111,4.345,5.568,5.871,5.659,6.142,6.017,3.5,5.0,2.7,3.5,3.7,3.5,3.8,3.7
Rosario,Pasig,377.3,5.307,7.109,5.851,5.214,4.944,8.018,7.204,6.317,20.0,26.8,22.1,19.7,18.7,30.3,27.2,23.8
Sagad,Pasig,10.7,4.368,5.682,2.754,2.171,2.88,6.125,5.77,5.247,0.5,0.6,0.3,0.2,0.3,0.7,0.6,0.6
San Antonio,Pasig,73.2,5.586,7.573,5.735,8.297,8.981,8.822,9.498,7.316,4.1,5.5,4.2,6.1,6.6,6.5,7.0,5.4
San Jose,Pasig,9.2,6.532,11.69,7.485,12.386,10.412,11.773,9.37,9.35,0.6,1.1,0.7,1.1,1.0,1.1,0.9,0.9
San Miguel,Pasig,155.6,5.269,6.615,5.615,5.567,5.68,8.381,8.694,7.093,8.2,10.3,8.7,8.7,8.8,13.0,13.5,11.0
Santa Lucia,Pasig,185.3,7.56,8.315,6.833,6.722,7.4,9.081,7.59,7.929,14.0,15.4,12.7,12.5,13.7,16.8,14.1,14.7
Santa Rosa,Pasig,16.5,11.184,19.468,14.423,11.401,11.355,11.893,13.089,10.776,1.8,3.2,2.4,1.9,1.9,2.0,2.2,1.8
Santolan,Pasig,203.3,5.244,4.006,4.428,5.012,4.632,7.201,6.152,5.207,10.7,8.1,9.0,10.2,9.4,14.6,12.5,10.6
Sumilang,Pasig,10.9,7.738,9.755,6.0,8.528,9.272,10.303,6.984,6.954,0.8,1.1,0.7,0.9,1.0,1.1,0.8,0.8
Ugong,Pasig,381.0,9.583,11.176,10.15,9.134,10.012,11.961,12.733,10.924,36.5,42.6,38.7,34.8,38.1,45.6,48.5,41.6
Magtanggol,Pateros,7.4,9.417,10.123,7.505,9.193,6.647,9.887,9.602,9.328,0.7,0.7,0.6,0.7,0.5,0.7,0.7,0.7
Martires del 96,Pateros,19.2,6.648,8.96,5.383,6.687,6.976,6.69,6.241,7.937,1.3,1.7,1.0,1.3,1.3,1.3,1.2,1.5
Poblacion,Pateros,6.6,5.441,4.837,4.877,6.731,5.436,6.557,7.607,6.521,0.4,0.3,0.3,0.4,0.4,0.4,0.5,0.4
San Pedro,Pateros,9.0,8.844,9.317,8.088,6.59,7.584,7.067,9.401,7.897,0.8,0.8,0.7,0.6,0.7,0.6,0.8,0.7
San Roque,Pateros,16.5,5.924,6.606,4.455,5.398,4.942,5.818,5.839,6.056,1.0,1.1,0.7,0.9,0.8,1.0,1.0,1.0
Santa Ana,Pateros,58.3,4.764,6.232,4.278,4.096,4.772,6.712,5.355,6.235,2.8,3.6,2.5,2.4,2.8,3.9,3.1,3.6
Santo Rosario–Kanluran,Pateros,13.8,6.064,4.866,2.907,5.089,4.332,7.922,7.185,6.93,0.8,0.7,0.4,0.7,0.6,1.1,1.0,1.0
Santo Rosario–Silangan,Pateros,30.3,6.764,8.487,4.998,6.427,5.223,6.805,6.976,6.441,2.1,2.6,1.5,1.9,1.6,2.1,2.1,2.0
Tabacalera,Pateros,8.8,9.231,7.912,6.502,7.438,7.254,7.187,7.41,6.461,0.8,0.7,0.6,0.7,0.6,0.6,0.7,0.6
Alicia,Quezon City,11.1,4.544,5.538,5.89,0.999,5.291,5.001,4.808,5.729,0.5,0.6,0.7,0.1,0.6,0.6,0.5,0.6
Amihan,Quezon City,13.2,3.086,4.511,5.331,2.776,3.613,5.8,4.714,6.234,0.4,0.6,0.7,0.4,0.5,0.8,0.6,0.8
Apolonio Samson,Quezon City,194.8,3.722,4.93,4.436,4.005,2.97,4.76,4.292,3.928,7.3,9.6,8.6,7.8,5.8,9.3,8.4,7.7
Baesa,Quezon City,201.4,3.564,5.789,4.331,4.849,4.355,5.635,5.326,3.735,7.2,11.7,8.7,9.8,8.8,11.4,10.7,7.5
Bagbag,Quezon City,194.3,9.125,11.821,9.88,10.576,8.066,10.494,10.477,7.966,17.7,23.0,19.2,20.6,15.7,20.4,20.4,15.5
Bagong Lipunan ng Crame,Quezon City,93.3,7.842,5.996,8.172,7.411,7.407,9.002,9.453,6.837,7.3,5.6,7.6,6.9,6.9,8.4,8.8,6.4
Bagong Pag-asa,Quezon City,109.4,5.822,6.304,5.352,6.162,5.416,6.636,5.293,4.946,6.4,6.9,5.9,6.7,5.9,7.3,5.8,5.4
Bagong Silangan,Quezon City,408.0,17.061,15.341,15.412,13.267,17.187,17.115,18.788,13.955,69.6,62.6,62.9,54.1,70.1,69.8,76.7,56.9
Bagumbayan,Quezon City,156.5,7.711,7.0,6.199,6.66,7.089,8.408,7.837,6.409,12.1,11.0,9.7,10.4,11.1,13.2,12.3,10.0
Bagumbuhay,Quezon City,24.0,5.129,7.893,7.464,6.041,4.036,7.172,6.344,5.395,1.2,1.9,1.8,1.4,1.0,1.7,1.5,1.3
Bahay Toro,Quezon City,299.7,6.399,7.793,7.159,5.581,5.188,7.527,6.603,6.503,19.2,23.4,21.5,16.7,15.5,22.6,19.8,19.5
Balingasa,Quezon City,79.2,2.102,4.942,3.06,2.379,3.359,4.414,2.9,3.694,1.7,3.9,2.4,1.9,2.7,3.5,2.3,2.9
Balong Bato,Quezon City,38.1,5.104,8.626,7.007,6.999,4.766,7.614,6.138,3.699,1.9,3.3,2.7,2.7,1.8,2.9,2.3,1.4
Batasan Hills,Quezon City,592.2,9.504,9.442,9.718,9.76,9.593,10.873,10.884,9.408,56.3,55.9,57.5,57.8,56.8,64.4,64.5,55.7
Bayanihan,Quezon City,6.7,6.86,6.126,6.924,7.179,4.791,7.488,4.944,6.422,0.5,0.4,0.5,0.5,0.3,0.5,0.3,0.4
Blue Ridge A,Quezon City,26.0,13.426,12.231,12.571,12.345,10.307,13.234,12.879,11.595,3.5,3.2,3.3,3.2,2.7,3.4,3.4,3.0
Blue Ridge B,Quezon City,14.2,14.816,13.663,14.0,12.208,14.151,14.993,14.721,13.411,2.1,1.9,2.0,1.7,2.0,2.1,2.1,1.9
Botocan,Quezon City,3.5,10.859,10.807,8.207,8.078,10.772,11.341,9.083,9.246,0.4,0.4,0.3,0.3,0.4,0.4,0.3,0.3
Bungad,Quezon City,50.9,3.642,4.725,3.648,4.234,2.446,5.989,4.702,3.364,1.9,2.4,1.9,2.2,1.2,3.0,2.4,1.7
Camp Aguinaldo,Quezon City,185.0,12.579,16.394,15.199,9.641,13.827,15.119,18.051,12.179,23.3,30.3,28.1,17.8,25.6,28.0,33.4,22.5
Capri,Quezon City,9.5,3.709,4.093,6.52,3.455,3.055,3.759,5.49,4.041,0.4,0.4,0.6,0.3,0.3,0.4,0.5,0.4
Central,Quezon City,134.6,12.718,14.487,12.974,11.456,11.438,13.448,12.5,10.807,17.1,19.5,17.5,15.4,15.4,18.1,16.8,14.6
Claro,Quezon City,10.2,2.66,0.737,1.343,1.437,1.944,4.56,3.133,2.936,0.3,0.1,0.1,0.1,0.2,0.5,0.3,0.3
Commonwealth,Quezon City,306.2,8.926,9.18,7.733,8.262,8.037,9.643,8.448,7.981,27.3,28.1,23.7,25.3,24.6,29.5,25.9,24.4
Culiat,Quezon City,252.9,10.288,10.404,9.937,8.896,8.536,10.0,11.003,8.117,26.0,26.3,25.1,22.5,21.6,25.3,27.8,20.5
Damar,Quezon City,20.3,4.27,7.397,5.63,5.944,4.908,6.462,4.147,3.557,0.9,1.5,1.1,1.2,1.0,1.3,0.8,0.7
Damayan,Quezon City,21.3,5.411,7.012,5.814,8.209,6.321,6.044,6.045,6.694,1.1,1.5,1.2,1.7,1.3,1.3,1.3,1.4
Damayang Lagi,Quezon City,80.7,10.128,11.738,11.577,9.664,9.384,9.193,9.142,6.837,8.2,9.5,9.3,7.8,7.6,7.4,7.4,5.5
Del Monte,Quezon City,54.2,8.137,8.764,8.232,4.702,6.323,7.585,5.278,6.515,4.4,4.7,4.5,2.5,3.4,4.1,2.9,3.5
Dioquino Zobel,Quezon City,3.2,7.684,1.895,0.381,0.761,1.002,7.0,5.54,3.103,0.2,0.1,0.0,0.0,0.0,0.2,0.2,0.1
Don Manuel,Quezon City,24.2,2.934,4.65,1.725,2.013,3.206,4.622,4.009,3.231,0.7,1.1,0.4,0.5,0.8,1.1,1.0,0.8
Doña Aurora,Quezon City,12.9,6.01,8.077,5.11,3.701,5.963,6.959,9.056,3.224,0.8,1.0,0.7,0.5,0.8,0.9,1.2,0.4
Doña Imelda,Quezon City,94.1,9.11,11.384,9.867,8.128,9.364,8.528,9.987,7.306,8.6,10.7,9.3,7.7,8.8,8.0,9.4,6.9
Doña Josefa,Quezon City,28.1,2.351,2.842,2.708,3.325,2.392,5.769,5.406,2.993,0.7,0.8,0.8,0.9,0.7,1.6,1.5,0.8
Duyan-Duyan,Quezon City,16.0,3.041,5.172,4.482,3.886,4.0,6.83,4.976,5.562,0.5,0.8,0.7,0.6,0.6,1.1,0.8,0.9
E. Rodriguez Sr.,Quezon City,65.5,4.155,5.402,4.471,3.949,2.453,6.147,5.413,5.997,2.7,3.5,2.9,2.6,1.6,4.0,3.5,3.9
East Kamias,Quezon City,28.6,4.559,4.767,5.394,4.756,3.675,6.234,6.377,6.346,1.3,1.4,1.5,1.4,1.0,1.8,1.8,1.8
Escopa I,Quezon City,1.0,4.187,4.875,3.833,5.549,2.528,5.34,4.517,5.424,0.0,0.0,0.0,0.1,0.0,0.1,0.0,0.1
Escopa II,Quezon City,2.1,12.419,10.406,7.811,9.015,8.689,9.484,8.918,7.442,0.3,0.2,0.2,0.2,0.2,0.2,0.2,0.2
Escopa III,Quezon City,9.4,11.032,9.169,8.277,5.487,6.38,11.242,9.114,12.154,1.0,0.9,0.8,0.5,0.6,1.1,0.9,1.1
Escopa IV,Quezon City,1.7,11.493,10.212,8.426,6.058,7.412,9.512,8.841,11.408,0.2,0.2,0.1,0.1,0.1,0.2,0.1,0.2
Fairview,Quezon City,315.2,13.903,12.985,11.585,12.003,12.287,12.057,12.12,9.505,43.8,40.9,36.5,37.8,38.7,38.0,38.2,30.0
Greater Lagro,Quezon City,424.0,13.274,14.236,13.605,12.135,14.479,14.354,14.513,11.643,56.3,60.4,57.7,51.4,61.4,60.9,61.5,49.4
Gulod,Quezon City,127.9,7.592,6.946,6.75,4.823,6.48,7.711,8.419,5.874,9.7,8.9,8.6,6.2,8.3,9.9,10.8,7.5
Holy Spirit,Quezon City,336.3,8.939,9.554,7.968,8.406,7.955,9.704,10.031,8.295,30.1,32.1,26.8,28.3,26.7,32.6,33.7,27.9
Horseshoe,Quezon City,38.1,18.992,18.912,17.142,15.444,14.663,15.614,15.899,12.227,7.2,7.2,6.5,5.9,5.6,6.0,6.1,4.7
Immaculate Concepcion,Quezon City,51.1,6.546,7.246,5.331,6.027,4.02,6.778,7.104,6.582,3.3,3.7,2.7,3.1,2.1,3.5,3.6,3.4
Kaligayahan,Quezon City,250.4,8.522,7.709,10.06,8.03,10.947,9.028,8.595,9.234,21.3,19.3,25.2,20.1,27.4,22.6,21.5,23.1
Kalusugan,Quezon City,42.7,6.633,9.6,7.357,6.116,7.784,6.453,7.778,5.541,2.8,4.1,3.1,2.6,3.3,2.8,3.3,2.4
Kamuning,Quezon City,43.6,7.873,6.816,6.681,6.286,5.282,8.498,7.765,6.282,3.4,3.0,2.9,2.7,2.3,3.7,3.4,2.7
Katipunan,Quezon City,12.7,6.154,6.695,6.752,7.431,7.025,8.446,9.306,9.081,0.8,0.9,0.9,0.9,0.9,1.1,1.2,1.2
Kaunlaran,Quezon City,55.5,8.18,7.855,7.048,7.352,7.806,7.694,8.241,5.471,4.5,4.4,3.9,4.1,4.3,4.3,4.6,3.0
Kristong Hari,Quezon City,34.4,10.989,12.75,12.307,12.974,10.339,13.626,12.373,11.778,3.8,4.4,4.2,4.5,3.6,4.7,4.3,4.1
Krus na Ligas,Quezon City,27.4,6.686,7.984,6.639,7.023,7.04,8.238,7.864,5.212,1.8,2.2,1.8,1.9,1.9,2.3,2.2,1.4
Laging Handa,Quezon City,62.9,4.2,5.375,4.545,4.43,3.894,5.677,5.966,4.892,2.6,3.4,2.9,2.8,2.4,3.6,3.8,3.1
Libis,Quezon City,11.2,12.731,11.546,10.475,12.409,8.98,10.425,12.22,8.531,1.4,1.3,1.2,1.4,1.0,1.2,1.4,1.0
Lourdes,Quezon City,75.9,5.268,6.544,6.272,5.735,4.445,6.196,7.409,3.001,4.0,5.0,4.8,4.4,3.4,4.7,5.6,2.3
Loyola Heights,Quezon City,258.8,13.385,14.891,15.184,12.031,14.16,17.144,15.053,13.122,34.6,38.5,39.3,31.1,36.7,44.4,39.0,34.0
Maharlika,Quezon City,38.8,2.154,2.648,2.227,3.057,1.419,4.392,3.679,2.362,0.8,1.0,0.9,1.2,0.6,1.7,1.4,0.9
Malaya,Quezon City,14.3,9.408,8.523,7.945,7.643,7.127,9.508,9.973,9.234,1.3,1.2,1.1,1.1,1.0,1.4,1.4,1.3
Mangga,Quezon City,8.2,4.687,7.087,7.176,5.656,5.192,9.772,4.848,7.656,0.4,0.6,0.6,0.5,0.4,0.8,0.4,0.6
Manresa,Quezon City,82.7,1.423,2.872,2.115,2.877,2.085,2.897,1.69,1.822,1.2,2.4,1.7,2.4,1.7,2.4,1.4,1.5
Mariana,Quezon City,167.3,9.774,11.181,10.594,11.595,9.759,11.8,11.638,8.546,16.4,18.7,17.7,19.4,16.3,19.7,19.5,14.3
Mariblo,Quezon City,13.8,3.67,5.768,5.346,6.832,5.275,5.749,6.086,3.643,0.5,0.8,0.7,0.9,0.7,0.8,0.8,0.5
Marilag,Quezon City,46.6,5.819,5.933,5.039,6.879,4.246,7.281,5.098,5.622,2.7,2.8,2.3,3.2,2.0,3.4,2.4,2.6
Masagana,Quezon City,16.3,3.413,5.293,4.377,2.058,4.215,5.111,4.916,6.016,0.6,0.9,0.7,0.3,0.7,0.8,0.8,1.0
Masambong,Quezon City,34.8,3.314,4.368,3.634,2.742,3.518,3.887,3.601,4.018,1.2,1.5,1.3,1.0,1.2,1.4,1.3,1.4
Matandang Balara,Quezon City,533.0,15.128,16.923,15.97,14.751,14.933,17.018,15.282,14.051,80.6,90.2,85.1,78.6,79.6,90.7,81.5,74.9
Milagrosa,Quezon City,27.3,4.661,5.111,4.93,5.012,4.025,5.718,5.35,4.673,1.3,1.4,1.3,1.4,1.1,1.6,1.5,1.3
N.S. Amoranto,Quezon City,23.5,1.842,1.992,2.288,2.165,2.395,3.966,3.2,1.223,0.4,0.5,0.5,0.5,0.6,0.9,0.8,0.3
Nagkaisang Nayon,Quezon City,282.1,6.386,7.136,7.988,6.732,6.12,7.009,9.988,6.064,18.0,20.1,22.5,19.0,17.3,19.8,28.2,17.1
Nayong Kanluran,Quezon City,14.7,7.549,7.525,6.507,7.747,6.059,8.015,7.585,5.235,1.1,1.1,1.0,1.1,0.9,1.2,1.1,0.8
New Era,Quezon City,63.7,8.514,8.574,9.785,11.425,6.931,9.478,8.423,5.31,5.4,5.5,6.2,7.3,4.4,6.0,5.4,3.4
North Fairview,Quezon City,198.7,10.086,10.57,8.981,7.162,9.197,9.731,10.247,8.287,20.0,21.0,17.8,14.2,18.3,19.3,20.4,16.5
Obrero,Quezon City,24.8,2.993,4.13,5.281,5.162,5.617,8.676,7.414,5.38,0.7,1.0,1.3,1.3,1.4,2.2,1.8,1.3
Old Capitol Site,Quezon City,14.8,17.524,19.77,18.025,12.32,15.45,15.901,15.174,12.495,2.6,2.9,2.7,1.8,2.3,2.4,2.2,1.9
Paang Bundok,Quezon City,15.6,1.763,1.839,1.832,1.658,0.76,1.538,3.568,3.262,0.3,0.3,0.3,0.3,0.1,0.2,0.6,0.5
Pag-ibig sa Nayon,Quezon City,36.9,1.783,3.755,2.204,2.809,2.851,4.381,4.498,3.26,0.7,1.4,0.8,1.0,1.1,1.6,1.7,1.2
Paligsahan,Quezon City,58.7,3.576,4.819,4.423,4.326,4.945,5.251,6.831,4.279,2.1,2.8,2.6,2.5,2.9,3.1,4.0,2.5
Paltok,Quezon City,66.0,5.459,5.897,4.71,4.905,4.707,6.252,6.068,3.939,3.6,3.9,3.1,3.2,3.1,4.1,4.0,2.6
Pansol,Quezon City,171.7,21.784,25.329,21.979,17.91,21.678,24.019,22.641,18.977,37.4,43.5,37.7,30.7,37.2,41.2,38.9,32.6
Paraiso,Quezon City,15.4,5.829,9.65,6.599,10.726,6.949,6.325,8.091,5.994,0.9,1.5,1.0,1.7,1.1,1.0,1.2,0.9
Pasong Putik Proper,Quezon City,243.7,11.714,10.156,11.473,10.458,12.444,12.063,9.928,11.428,28.5,24.7,28.0,25.5,30.3,29.4,24.2,27.8
Pasong Tamo,Quezon City,490.3,11.288,12.084,10.861,11.289,10.818,11.167,12.76,9.591,55.3,59.3,53.3,55.4,53.0,54.8,62.6,47.0
Payatas,Quezon City,374.2,12.057,9.362,10.079,8.772,11.386,11.295,12.103,8.851,45.1,35.0,37.7,32.8,42.6,42.3,45.3,33.1
Phil-Am,Quezon City,45.1,7.573,9.832,8.566,8.102,6.47,11.049,8.613,6.944,3.4,4.4,3.9,3.7,2.9,5.0,3.9,3.1
Pinagkaisahan,Quezon City,33.5,5.508,5.358,3.855,5.376,3.566,6.571,7.068,4.378,1.8,1.8,1.3,1.8,1.2,2.2,2.4,1.5
Pinyahan,Quezon City,156.9,9.316,10.065,9.763,8.541,8.508,9.854,9.901,8.001,14.6,15.8,15.3,13.4,13.4,15.5,15.5,12.6
Project 6,Quezon City,152.7,17.369,19.51,18.226,11.839,14.386,18.775,16.705,10.526,26.5,29.8,27.8,18.1,22.0,28.7,25.5,16.1
Quirino 2-A,Quezon City,16.7,4.985,5.002,3.998,4.095,3.559,3.354,3.076,5.15,0.8,0.8,0.7,0.7,0.6,0.6,0.5,0.9
Quirino 2-B,Quezon City,14.6,4.059,3.004,3.497,0.857,4.632,6.037,4.556,4.277,0.6,0.4,0.5,0.1,0.7,0.9,0.7,0.6
Quirino 2-C,Quezon City,8.0,5.582,3.587,2.392,4.853,7.26,7.384,5.328,5.359,0.4,0.3,0.2,0.4,0.6,0.6,0.4,0.4
Quirino 3-A,Quezon City,5.5,0.262,1.349,1.513,2.581,0.885,2.461,2.169,3.96,0.0,0.1,0.1,0.1,0.0,0.1,0.1,0.2
Ramon Magsaysay,Quezon City,35.1,2.648,4.314,4.696,2.998,4.475,5.611,2.862,3.752,0.9,1.5,1.6,1.1,1.6,2.0,1.0,1.3
Roxas,Quezon City,45.9,7.266,9.326,8.558,9.393,8.099,10.031,8.444,6.151,3.3,4.3,3.9,4.3,3.7,4.6,3.9,2.8
Sacred Heart,Quezon City,57.9,5.786,6.319,5.886,6.114,5.23,8.022,8.16,4.372,3.4,3.7,3.4,3.5,3.0,4.6,4.7,2.5
Saint Ignatius,Quezon City,25.0,8.477,7.694,6.99,9.119,7.004,8.556,10.183,8.333,2.1,1.9,1.7,2.3,1.8,2.1,2.5,2.1
Saint Peter,Quezon City,26.9,1.047,2.065,1.899,1.966,2.614,2.784,2.871,0.433,0.3,0.6,0.5,0.5,0.7,0.7,0.8,0.1
Salvacion,Quezon City,21.0,1.694,1.175,1.679,2.034,1.055,0.671,2.661,0.964,0.4,0.2,0.4,0.4,0.2,0.1,0.6,0.2
San Agustin,Quezon City,104.9,10.788,11.082,11.882,8.219,11.209,9.75,11.046,9.98,11.3,11.6,12.5,8.6,11.8,10.2,11.6,10.5
San Antonio,Quezon City,74.6,4.97,6.22,5.885,5.81,4.824,7.11,4.476,5.983,3.7,4.6,4.4,4.3,3.6,5.3,3.3,4.5
San Bartolome,Quezon City,359.1,8.369,9.073,9.082,7.905,7.385,9.313,10.484,7.737,30.1,32.6,32.6,28.4,26.5,33.4,37.6,27.8
San Isidro,Quezon City,12.0,1.342,1.397,1.545,1.14,2.523,2.105,2.583,0.689,0.2,0.2,0.2,0.1,0.3,0.3,0.3,0.1
San Isidro Labrador,Quezon City,25.8,2.943,2.817,2.449,3.103,3.47,3.849,5.515,2.39,0.8,0.7,0.6,0.8,0.9,1.0,1.4,0.6
San Jose,Quezon City,26.1,1.24,2.062,1.886,1.761,0.894,2.38,2.472,2.301,0.3,0.5,0.5,0.5,0.2,0.6,0.6,0.6
San Martin de Porres,Quezon City,21.1,5.433,4.935,5.013,3.628,4.67,5.448,5.006,5.371,1.1,1.0,1.1,0.8,1.0,1.1,1.1,1.1
San Roque,Quezon City,65.4,4.434,3.74,4.262,3.952,3.041,5.234,5.048,4.624,2.9,2.4,2.8,2.6,2.0,3.4,3.3,3.0
San Vicente,Quezon City,11.9,12.158,14.317,12.872,9.196,9.571,12.636,12.73,10.506,1.5,1.7,1.5,1.1,1.1,1.5,1.5,1.3
Sangandaan,Quezon City,91.1,5.514,7.062,5.905,5.477,5.541,6.69,6.663,5.422,5.0,6.4,5.4,5.0,5.0,6.1,6.1,4.9
Santa Cruz,Quezon City,43.5,7.651,8.85,7.919,11.342,7.637,8.336,11.541,6.756,3.3,3.8,3.4,4.9,3.3,3.6,5.0,2.9
Santa Lucia,Quezon City,66.1,7.753,6.523,7.402,4.936,6.817,7.905,8.027,6.7,5.1,4.3,4.9,3.3,4.5,5.2,5.3,4.4
Santa Monica,Quezon City,166.6,10.11,9.933,9.36,7.192,9.603,9.305,10.099,9.305,16.8,16.5,15.6,12.0,16.0,15.5,16.8,15.5
Santa Teresita,Quezon City,34.8,2.334,3.714,2.862,2.774,4.032,3.053,5.055,3.003,0.8,1.3,1.0,1.0,1.4,1.1,1.8,1.0
Santo Cristo,Quezon City,55.5,4.35,4.944,4.61,4.947,4.855,5.53,6.462,5.44,2.4,2.7,2.6,2.7,2.7,3.1,3.6,3.0
Santo Domingo,Quezon City,91.1,5.094,5.828,6.866,7.058,4.988,6.63,8.134,4.013,4.6,5.3,6.3,6.4,4.5,6.0,7.4,3.7
Santo Niño,Quezon City,20.3,3.824,4.387,5.211,6.683,5.108,5.662,6.321,2.353,0.8,0.9,1.1,1.4,1.0,1.1,1.3,0.5
Santol,Quezon City,44.2,6.837,7.166,7.351,9.087,5.967,8.14,7.214,6.249,3.0,3.2,3.2,4.0,2.6,3.6,3.2,2.8
Sauyo,Quezon City,283.5,8.408,9.107,8.764,9.001,6.928,9.937,10.393,8.198,23.8,25.8,24.8,25.5,19.6,28.2,29.5,23.2
Sienna,Quezon City,39.3,2.949,4.781,4.209,3.422,3.013,4.568,3.7,3.623,1.2,1.9,1.7,1.3,1.2,1.8,1.5,1.4
Sikatuna Village,Quezon City,40.8,6.255,7.045,4.68,5.362,3.622,6.796,6.978,4.53,2.5,2.9,1.9,2.2,1.5,2.8,2.8,1.8
Silangan,Quezon City,22.4,4.997,5.63,5.641,5.354,4.437,6.142,4.061,5.408,1.1,1.3,1.3,1.2,1.0,1.4,0.9,1.2
Socorro,Quezon City,118.4,3.965,5.813,5.144,4.541,3.937,6.521,6.215,5.068,4.7,6.9,6.1,5.4,4.7,7.7,7.4,6.0
South Triangle,Quezon City,112.6,3.912,4.8,5.604,5.579,4.435,6.818,5.879,4.88,4.4,5.4,6.3,6.3,5.0,7.7,6.6,5.5
Tagumpay,Quezon City,10.8,5.7,5.634,4.606,4.641,3.543,8.227,6.464,5.875,0.6,0.6,0.5,0.5,0.4,0.9,0.7,0.6
Talayan,Quezon City,48.9,8.958,9.951,9.753,9.681,7.596,9.579,11.732,7.151,4.4,4.9,4.8,4.7,3.7,4.7,5.7,3.5
Talipapa,Quezon City,168.9,4.923,7.277,6.408,6.611,5.192,6.659,6.168,5.814,8.3,12.3,10.8,11.2,8.8,11.2,10.4,9.8
Tandang Sora,Quezon City,393.6,6.668,7.246,6.812,7.316,6.518,8.376,7.549,7.135,26.2,28.5,26.8,28.8,25.7,33.0,29.7,28.1
Tatalon,Quezon City,93.3,4.225,5.706,5.83,3.638,5.658,6.007,6.93,3.48,3.9,5.3,5.4,3.4,5.3,5.6,6.5,3.2
Teachers Village East,Quezon City,21.7,7.621,9.42,6.942,6.678,3.931,10.006,7.699,7.576,1.7,2.0,1.5,1.4,0.9,2.2,1.7,1.6
Teachers Village West,Quezon City,23.3,8.091,7.218,6.942,5.791,5.723,8.639,7.394,5.159,1.9,1.7,1.6,1.3,1.3,2.0,1.7,1.2
UP Campus,Quezon City,464.9,18.924,23.329,19.745,20.03,18.199,21.345,22.813,18.191,88.0,108.5,91.8,93.1,84.6,99.2,106.1,84.6
UP Village,Quezon City,38.9,11.273,13.814,11.88,10.501,10.526,13.308,10.321,11.333,4.4,5.4,4.6,4.1,4.1,5.2,4.0,4.4
Ugong Norte,Quezon City,267.5,10.105,10.253,10.747,10.457,11.311,11.648,13.498,9.288,27.0,27.4,28.7,28.0,30.3,31.2,36.1,24.8
Unang Sigaw,Quezon City,19.8,3.616,6.37,5.404,4.602,2.81,5.94,3.673,4.068,0.7,1.3,1.1,0.9,0.6,1.2,0.7,0.8
Valencia,Quezon City,43.5,9.826,9.192,8.613,10.875,8.068,10.656,9.446,7.945,4.3,4.0,3.7,4.7,3.5,4.6,4.1,3.5
Vasra,Quezon City,55.0,12.546,12.97,10.954,9.697,11.777,14.69,13.062,8.695,6.9,7.1,6.0,5.3,6.5,8.1,7.2,4.8
Veterans Village,Quezon City,51.9,2.225,3.555,2.678,3.668,2.086,4.364,4.481,3.447,1.2,1.8,1.4,1.9,1.1,2.3,2.3,1.8
Villa Maria Clara,Quezon City,8.4,1.526,3.411,2.56,2.264,1.92,3.152,3.724,4.436,0.1,0.3,0.2,0.2,0.2,0.3,0.3,0.4
West Kamias,Quezon City,18.5,5.204,5.23,5.09,4.051,1.241,6.154,5.703,5.828,1.0,1.0,0.9,0.7,0.2,1.1,1.1,1.1
West Triangle,Quezon City,68.5,7.035,8.578,8.436,7.283,5.503,8.069,7.029,5.193,4.8,5.9,5.8,5.0,3.8,5.5,4.8,3.6
White Plains,Quezon City,57.1,10.173,10.721,10.115,9.84,10.287,11.989,11.381,10.409,5.8,6.1,5.8,5.6,5.9,6.8,6.5,5.9
Addition Hills,San Juan,36.8,9.118,8.713,7.797,8.908,6.867,7.851,9.476,7.791,3.4,3.2,2.9,3.3,2.5,2.9,3.5,2.9
Balong-Bato,San Juan,25.4,5.429,6.102,5.999,4.571,3.991,5.993,5.777,6.746,1.4,1.6,1.5,1.2,1.0,1.5,1.5,1.7
Batis,San Juan,37.9,6.522,6.597,5.032,5.289,5.24,5.078,6.253,6.229,2.5,2.5,1.9,2.0,2.0,1.9,2.4,2.4
Corazon de Jesus,San Juan,32.7,10.233,10.384,9.437,8.978,8.402,10.313,8.956,8.865,3.3,3.4,3.1,2.9,2.7,3.4,2.9,2.9
Ermitaño,San Juan,10.3,4.34,6.201,5.9,6.074,4.812,8.363,6.949,7.567,0.4,0.6,0.6,0.6,0.5,0.9,0.7,0.8
Greenhills,San Juan,188.6,5.201,5.809,5.522,6.986,5.733,6.663,6.945,6.143,9.8,11.0,10.4,13.2,10.8,12.6,13.1,11.6
Isabelita,San Juan,2.9,9.543,12.568,13.188,9.003,9.846,8.979,7.986,6.341,0.3,0.4,0.4,0.3,0.3,0.3,0.2,0.2
Kabayanan,San Juan,18.6,6.4,7.442,6.283,7.132,5.351,6.621,8.952,9.425,1.2,1.4,1.2,1.3,1.0,1.2,1.7,1.8
Little Baguio,San Juan,44.4,6.705,8.175,7.708,7.223,7.176,7.079,7.705,7.639,3.0,3.6,3.4,3.2,3.2,3.1,3.4,3.4
Maytunas,San Juan,20.5,8.715,7.965,6.917,8.628,7.573,7.862,9.262,7.65,1.8,1.6,1.4,1.8,1.6,1.6,1.9,1.6
Onse,San Juan,9.8,7.189,9.531,7.884,6.417,6.992,6.71,6.001,6.322,0.7,0.9,0.8,0.6,0.7,0.7,0.6,0.6
Pasadena,San Juan,24.8,9.442,8.519,7.164,10.523,8.212,8.858,9.623,8.139,2.3,2.1,1.8,2.6,2.0,2.2,2.4,2.0
Pedro Cruz,San Juan,18.7,5.739,8.041,6.677,7.459,8.104,9.142,7.984,10.122,1.1,1.5,1.3,1.4,1.5,1.7,1.5,1.9
Progreso,San Juan,5.1,5.489,4.626,3.646,5.631,3.219,2.325,2.45,5.197,0.3,0.2,0.2,0.3,0.2,0.1,0.1,0.3
Rivera,San Juan,6.4,4.69,7.25,6.037,7.669,3.313,5.271,3.654,4.08,0.3,0.5,0.4,0.5,0.2,0.3,0.2,0.3
Saint Joseph,San Juan,3.8,4.202,8.646,4.895,3.189,7.17,4.542,6.185,8.142,0.2,0.3,0.2,0.1,0.3,0.2,0.2,0.3
Salapan,San Juan,17.8,7.804,7.979,7.732,7.396,5.234,7.976,6.142,6.945,1.4,1.4,1.4,1.3,0.9,1.4,1.1,1.2
San Perfecto,San Juan,8.3,3.942,5.145,4.071,5.16,4.596,4.802,4.081,5.138,0.3,0.4,0.3,0.4,0.4,0.4,0.3,0.4
Santa Lucia,San Juan,31.7,9.623,9.267,8.155,9.803,8.876,9.247,10.526,9.186,3.1,2.9,2.6,3.1,2.8,2.9,3.3,2.9
Tibagan,San Juan,17.2,5.848,8.955,6.755,6.202,7.463,5.564,6.926,6.75,1.0,1.5,1.2,1.1,1.3,1.0,1.2,1.2
West Crame,San Juan,19.8,4.236,5.395,4.834,4.329,4.625,6.149,6.124,6.219,0.8,1.1,1.0,0.9,0.9,1.2,1.2,1.2
Aguho,Taguig,16.0,8.655,10.964,9.044,7.277,9.789,9.775,8.225,10.65,1.4,1.8,1.4,1.2,1.6,1.6,1.3,1.7
Bagumbayan,Taguig,224.6,4.431,5.105,4.15,4.496,5.182,5.481,4.809,4.884,10.0,11.5,9.3,10.1,11.6,12.3,10.8,11.0
Cembo,Taguig,43.2,4.995,6.429,4.77,4.952,4.187,6.385,7.852,7.683,2.2,2.8,2.1,2.1,1.8,2.8,3.4,3.3
Central Bicutan,Taguig,65.5,13.997,15.65,12.821,14.462,14.972,12.883,13.196,13.627,9.2,10.3,8.4,9.5,9.8,8.4,8.6,8.9
Comembo,Taguig,31.5,5.079,4.683,3.723,2.668,4.509,5.652,4.094,5.816,1.6,1.5,1.2,0.8,1.4,1.8,1.3,1.8
East Rembo,Taguig,50.2,3.356,4.696,2.344,3.2,3.465,4.891,4.718,4.856,1.7,2.4,1.2,1.6,1.7,2.5,2.4,2.4
Fort Bonifacio,Taguig,447.8,9.509,11.385,10.074,11.23,11.912,10.736,11.855,11.778,42.6,51.0,45.1,50.3,53.3,48.1,53.1,52.7
Lower Bicutan,Taguig,132.9,6.875,8.622,6.25,5.993,5.574,5.804,4.829,5.217,9.1,11.5,8.3,8.0,7.4,7.7,6.4,6.9
Maharlika Village,Taguig,45.6,6.453,6.898,4.748,5.288,6.327,7.049,6.146,6.999,2.9,3.1,2.2,2.4,2.9,3.2,2.8,3.2
Napindan,Taguig,216.7,5.956,7.976,5.417,5.025,7.787,7.553,6.732,6.927,12.9,17.3,11.7,10.9,16.9,16.4,14.6,15.0
New Lower Bicutan,Taguig,120.3,5.313,6.346,4.427,4.029,6.066,6.131,4.572,5.158,6.4,7.6,5.3,4.8,7.3,7.4,5.5,6.2
North Daang Hari,Taguig,12.7,9.514,9.314,9.763,8.851,10.883,8.819,8.872,9.317,1.2,1.2,1.2,1.1,1.4,1.1,1.1,1.2
Pembo,Taguig,72.5,2.001,3.115,2.197,1.714,2.076,3.274,1.94,3.678,1.5,2.3,1.6,1.2,1.5,2.4,1.4,2.7
Pinagsama,Taguig,298.7,6.289,8.514,7.567,7.21,7.673,7.355,7.078,7.948,18.8,25.4,22.6,21.5,22.9,22.0,21.1,23.7
Pitogo,Taguig,17.0,2.334,2.538,1.94,4.885,4.141,4.699,4.08,5.906,0.4,0.4,0.3,0.8,0.7,0.8,0.7,1.0
Post Proper Northside,Taguig,5.8,4.066,6.409,4.477,5.897,3.813,6.695,6.104,7.517,0.2,0.4,0.3,0.3,0.2,0.4,0.4,0.4
Post Proper Southside,Taguig,11.2,21.574,21.516,19.069,18.443,20.472,18.863,19.436,19.59,2.4,2.4,2.1,2.1,2.3,2.1,2.2,2.2
Rizal,Taguig,72.5,1.579,2.92,1.012,1.773,1.719,3.167,3.182,4.303,1.1,2.1,0.7,1.3,1.2,2.3,2.3,3.1
Santa Ana,Taguig,211.1,6.317,9.242,7.456,6.136,12.004,6.892,11.17,5.431,13.3,19.5,15.7,13.0,25.3,14.5,23.6,11.5
South Cembo,Taguig,21.2,4.464,5.484,4.104,6.04,5.273,5.6,4.505,4.256,0.9,1.2,0.9,1.3,1.1,1.2,1.0,0.9
South Daang Hari,Taguig,28.3,6.084,7.046,5.631,7.296,8.292,5.429,7.455,5.83,1.7,2.0,1.6,2.1,2.3,1.5,2.1,1.7
Tanyag,Taguig,36.6,5.032,4.942,5.113,6.385,6.04,5.805,5.145,5.131,1.8,1.8,1.9,2.3,2.2,2.1,1.9,1.9
Tuktukan,Taguig,31.6,4.104,6.221,3.203,3.097,4.11,4.595,4.692,5.609,1.3,2.0,1.0,1.0,1.3,1.5,1.5,1.8
Upper Bicutan,Taguig,45.5,3.827,4.094,2.102,2.131,2.858,4.171,3.555,4.406,1.7,1.9,1.0,1.0,1.3,1.9,1.6,2.0
West Rembo,Taguig,62.1,6.319,7.846,4.812,5.182,5.349,7.214,7.958,6.971,3.9,4.9,3.0,3.2,3.3,4.5,4.9,4.3
Western Bicutan,Taguig,625.0,9.187,11.087,10.403,10.534,11.655,10.512,10.827,11.544,57.4,69.3,65.0,65.8,72.8,65.7,67.7,72.1
Arkong Bato,Valenzuela,38.6,0.726,3.062,4.149,1.518,1.861,4.305,4.476,2.267,0.3,1.2,1.6,0.6,0.7,1.7,1.7,0.9
Balangkas,Valenzuela,127.6,5.173,8.597,11.658,8.682,11.913,8.556,10.926,2.605,6.6,11.0,14.9,11.1,15.2,10.9,13.9,3.3
Bignay,Valenzuela,333.4,6.244,4.863,9.24,7.101,9.304,5.781,10.143,5.366,20.8,16.2,30.8,23.7,31.0,19.3,33.8,17.9
Bisig,Valenzuela,14.3,4.427,7.025,13.303,6.755,15.012,9.616,16.425,2.423,0.6,1.0,1.9,1.0,2.1,1.4,2.3,0.3
Canumay East,Valenzuela,134.8,1.985,2.596,4.21,2.752,4.421,2.954,4.968,1.747,2.7,3.5,5.7,3.7,6.0,4.0,6.7,2.4
Canumay West,Valenzuela,171.9,3.541,4.922,5.564,4.186,4.419,4.711,6.223,2.583,6.1,8.5,9.6,7.2,7.6,8.1,10.7,4.4
Coloong,Valenzuela,199.5,4.703,5.293,5.96,4.546,7.806,8.029,8.301,2.26,9.4,10.6,11.9,9.1,15.6,16.0,16.6,4.5
Dalandanan,Valenzuela,155.6,2.207,4.884,5.005,3.266,3.726,3.856,4.229,2.387,3.4,7.6,7.8,5.1,5.8,6.0,6.6,3.7
Isla,Valenzuela,44.2,3.267,8.976,8.105,1.763,7.34,6.735,7.167,4.788,1.4,4.0,3.6,0.8,3.2,3.0,3.2,2.1
Lawang Bato,Valenzuela,275.7,4.412,3.635,6.602,5.871,7.352,5.303,8.778,4.185,12.2,10.0,18.2,16.2,20.3,14.6,24.2,11.5
Lingunan,Valenzuela,214.3,3.784,4.381,6.544,4.337,6.119,4.56,6.448,2.791,8.1,9.4,14.0,9.3,13.1,9.8,13.8,6.0
Mabolo,Valenzuela,11.1,5.087,7.59,8.601,3.631,6.609,3.4,6.314,2.47,0.6,0.8,1.0,0.4,0.7,0.4,0.7,0.3
Malanday,Valenzuela,233.5,7.583,8.895,11.253,8.326,11.244,12.184,12.448,4.61,17.7,20.8,26.3,19.4,26.3,28.4,29.1,10.8
Malinta,Valenzuela,205.5,2.724,4.269,5.675,2.274,5.626,6.194,5.791,4.304,5.6,8.8,11.7,4.7,11.6,12.7,11.9,8.8
Maysan,Valenzuela,315.3,4.735,6.445,7.147,5.333,6.221,5.655,6.743,3.735,14.9,20.3,22.5,16.8,19.6,17.8,21.3,11.8
Palasan,Valenzuela,29.3,1.527,5.015,6.42,3.353,4.836,3.971,5.682,3.96,0.4,1.5,1.9,1.0,1.4,1.2,1.7,1.2
Pariancillo Villa,Valenzuela,9.2,6.786,9.535,13.54,7.101,8.243,8.331,10.325,6.399,0.6,0.9,1.3,0.7,0.8,0.8,1.0,0.6
Pasolo,Valenzuela,41.0,3.901,7.406,7.681,3.004,9.39,8.448,8.234,5.66,1.6,3.0,3.2,1.2,3.9,3.5,3.4,2.3
Poblacion,Valenzuela,6.1,4.707,5.343,9.289,3.89,6.16,7.001,10.222,4.238,0.3,0.3,0.6,0.2,0.4,0.4,0.6,0.3
Pulo,Valenzuela,5.4,4.878,9.717,9.423,2.631,8.324,12.562,11.587,4.858,0.3,0.5,0.5,0.1,0.4,0.7,0.6,0.3
Punturin,Valenzuela,183.7,4.09,3.316,5.967,5.986,7.993,5.728,7.827,4.029,7.5,6.1,11.0,11.0,14.7,10.5,14.4,7.4
Rincon,Valenzuela,41.9,2.43,3.548,4.955,2.47,3.68,5.493,6.88,4.699,1.0,1.5,2.1,1.0,1.5,2.3,2.9,2.0
Tagalag,Valenzuela,135.9,4.008,6.247,6.652,6.2,12.784,11.851,10.728,3.925,5.4,8.5,9.0,8.4,17.4,16.1,14.6,5.3
Veinte Reales,Valenzuela,189.1,2.55,4.702,6.833,4.33,5.201,4.251,5.376,3.74,4.8,8.9,12.9,8.2,9.8,8.0,10.2,7.1
Wawang Pulo,Valenzuela,64.7,1.316,0.919,2.09,2.425,5.749,5.76,5.226,0.95,0.9,0.6,1.4,1.6,3.7,3.7,3.4,0.6
