uid,round,row,col,lon,lat,ndvi,our_label,esa_class,esa_name,dw_prob,meta_h,region
r1_0,1,1097,440,121.018565,14.504333,0.7521,1,10,tree,0.3332,4.35,D
r1_1,1,518,862,121.132291,14.660371,0.8352,1,10,tree,0.2693,6.86,D
r1_2,1,135,467,121.025841,14.763587,0.7318,1,10,tree,0.0776,5.49,D
r1_3,1,524,533,121.043628,14.658754,0.7396,1,10,tree,0.0804,6.19,D
r1_4,1,1284,549,121.04794,14.453938,0.8153,1,30,grass,0.0956,0.17,D
r1_5,1,331,762,121.105342,14.710766,0.6741,1,10,tree,0.0523,5.09,D
r1_6,1,1458,354,120.995388,14.407046,0.7848,1,10,tree,0.185,0.0,D
r1_7,1,609,416,121.012097,14.635847,0.8213,1,10,tree,0.0834,0.0,D
r1_8,1,158,821,121.121242,14.757389,0.7539,1,10,tree,0.7278,5.91,D
r1_9,1,102,810,121.118278,14.77248,0.8551,1,10,tree,0.7481,16.0,D
r1_10,1,748,521,121.040394,14.598387,0.57,0,10,tree,0.0482,1.49,C
r1_11,1,551,805,121.11693,14.651477,0.5886,0,10,tree,0.0853,1.77,C
r1_12,1,999,692,121.086477,14.530744,0.6414,1,50,built-up,0.0486,0.03,C
r1_13,1,547,615,121.065726,14.652555,0.6189,0,10,tree,0.1561,11.04,C
r1_14,1,1354,474,121.027728,14.435073,0.5632,0,10,tree,0.0421,1.18,C
r1_15,1,1222,387,121.004281,14.470647,0.6399,1,10,tree,0.0488,0.01,C
r1_16,1,1440,398,121.007246,14.411897,0.6345,1,10,tree,0.0517,2.47,C
r1_17,1,804,540,121.045514,14.583295,0.5814,0,50,built-up,0.0322,1.46,C
r1_18,1,1072,611,121.064648,14.511071,0.5938,0,10,tree,0.0444,3.0,C
r1_19,1,1140,299,120.980566,14.492745,0.6087,0,10,tree,0.094,2.46,C
r1_20,1,1422,397,121.006976,14.416748,0.1229,0,50,built-up,0.0306,0.05,A
r1_21,1,716,617,121.066265,14.607011,0.4496,0,50,built-up,0.0471,0.0,A
r1_22,1,232,381,121.002665,14.737446,0.0658,0,50,built-up,0.0247,0.0,A
r1_23,1,853,384,121.003473,14.57009,0.2954,0,50,built-up,0.0264,0.81,A
r1_24,1,393,450,121.02126,14.694058,0.0728,0,50,built-up,0.0319,0.0,A
r1_25,1,514,790,121.112888,14.661449,0.2363,0,50,built-up,0.0301,0.13,A
r1_26,1,500,142,120.938255,14.665222,0.0685,0,60,bare,0.0266,0.0,B
r1_27,1,173,438,121.018026,14.753346,0.0218,0,60,bare,0.0244,0.0,B
r1_28,1,1033,625,121.068421,14.521581,0.0325,0,60,bare,0.0357,0.0,B
r1_29,1,1127,364,120.998083,14.496248,0.0598,0,60,bare,0.0403,0.0,B
r1_30,1,642,212,120.95712,14.626953,0.0721,0,60,bare,0.0278,0.01,B
r1_31,1,449,681,121.083513,14.678966,-0.0039,0,60,bare,0.0282,0.0,B
r1_32,1,423,614,121.065457,14.685973,0.4065,0,10,tree,0.0347,0.0,E
r1_33,1,1062,348,120.993771,14.513766,0.4741,0,10,tree,0.0554,1.48,E
r1_34,1,389,356,120.995927,14.695135,0.4113,0,10,tree,0.037,1.54,E
r1_35,1,1410,496,121.033656,14.419982,0.4138,0,10,tree,0.0475,0.04,E
r1_36,1,748,649,121.074889,14.598387,0.4686,0,10,tree,0.0452,0.79,E
r1_37,1,202,616,121.065996,14.745531,0.5019,0,10,tree,0.05,6.06,E
r1_38,1,433,88,120.923703,14.683278,-0.13,0,80,water,0.0365,0.0,F
r1_39,1,1345,625,121.068421,14.437499,-0.2295,0,80,water,0.0318,0.0,F
r1_40,1,1041,613,121.065187,14.519425,0.3482,0,40,crop,0.0527,0.0,F
r1_41,1,642,26,120.906994,14.626953,-0.1658,0,80,water,0.0369,0.0,F
r2_0,2,1045,687,121.08513,14.518347,0.564,0,40,crop,0.0713,0.0,C
r2_1,2,170,641,121.072733,14.754155,0.5964,0,10,tree,0.044,4.73,C
r2_2,2,913,481,121.029614,14.55392,0.569,0,50,built-up,0.0408,1.23,C
r2_3,2,286,502,121.035273,14.722893,0.5658,0,50,built-up,0.0819,5.99,C
r2_4,2,430,576,121.055216,14.684086,0.5654,0,10,tree,0.1022,0.03,C
r2_5,2,777,568,121.05306,14.590572,0.6188,0,50,built-up,0.3834,2.42,C
r2_6,2,955,618,121.066535,14.542602,0.5697,0,50,built-up,0.0454,2.02,C
r2_7,2,1469,477,121.028536,14.404081,0.578,0,50,built-up,0.053,2.06,C
r2_8,2,903,386,121.004012,14.556615,0.579,0,10,tree,0.038,3.3,C
r2_9,2,1060,320,120.986225,14.514305,0.5953,0,30,grass,0.0921,0.0,C
r2_10,2,268,356,120.995927,14.727744,0.5883,0,10,tree,0.0485,1.56,C
r2_11,2,650,464,121.025033,14.624797,0.5684,0,50,built-up,0.0426,1.54,C
r2_12,2,451,153,120.94122,14.678427,0.6383,1,10,tree,0.0406,0.0,C
r2_13,2,1403,461,121.024224,14.421868,0.6313,1,10,tree,0.1016,1.93,C
r2_14,2,1463,418,121.012636,14.405698,0.6419,1,10,tree,0.0496,0.05,C
r2_15,2,1223,467,121.025841,14.470377,0.651,1,10,tree,0.0732,0.03,D
r2_16,2,546,623,121.067882,14.652825,0.6552,1,10,tree,0.05,10.51,D
r2_17,2,311,627,121.06896,14.716156,0.6547,1,10,tree,0.2114,4.15,D
r2_18,2,964,534,121.043897,14.540176,0.6482,1,10,tree,0.1031,5.27,C
r2_19,2,573,764,121.105881,14.645548,0.6302,1,30,grass,0.0478,0.0,C
r2_20,2,1109,579,121.056024,14.501099,0.6383,1,10,tree,0.0473,1.56,C
r2_21,2,204,454,121.022338,14.744992,0.6546,1,10,tree,0.0515,1.85,D
r2_22,2,489,809,121.118008,14.668186,0.7464,1,10,tree,0.7038,9.09,D
r2_23,2,1452,488,121.0315,14.408663,0.7711,1,10,tree,0.3668,13.39,D
r2_24,2,112,514,121.038507,14.769785,0.7245,1,10,tree,0.0615,11.38,D
r2_25,2,1033,721,121.094293,14.521581,0.7545,1,30,grass,0.2346,0.09,D
r2_26,2,392,384,121.003473,14.694327,0.7259,1,10,tree,0.3604,0.0,D
r2_27,2,1444,434,121.016948,14.410819,0.7939,1,10,tree,0.2106,7.85,D
r2_28,2,524,812,121.118817,14.658754,0.546,0,10,tree,0.0555,2.92,E
r2_29,2,417,167,120.944993,14.68759,0.3282,0,10,tree,0.081,0.0,E
r2_30,2,305,194,120.952269,14.717773,0.4553,0,10,tree,0.0455,0.02,E
r2_31,2,502,736,121.098335,14.664683,0.2227,0,10,tree,0.0471,0.0,E
r2_32,2,455,588,121.05845,14.677349,0.5206,0,10,tree,0.0577,2.01,E
r2_33,2,306,575,121.054946,14.717504,0.4728,0,10,tree,0.0451,2.61,E
r2_34,2,1473,379,121.002126,14.403003,0.7114,1,30,grass,0.4052,3.99,D
r2_35,2,1223,589,121.058719,14.470377,0.8356,1,30,grass,0.0833,0.0,D
r2_36,2,443,394,121.006168,14.680583,0.6893,1,50,built-up,0.066,2.7,D
r2_37,2,160,465,121.025302,14.75685,0.7031,1,30,grass,0.0567,0.0,D
r3_0,3,369,514,121.038507,14.700525,0.6135,0,10,tree,0.0454,0.0,C
r3_1,3,801,304,120.981913,14.584104,0.5886,0,10,tree,0.1025,0.13,C
r3_2,3,498,755,121.103456,14.665761,0.5526,0,10,tree,0.0497,3.97,C
r3_3,3,1302,417,121.012366,14.449087,0.5685,0,40,crop,0.0556,0.0,C
r3_4,3,144,470,121.02665,14.761162,0.6112,0,10,tree,0.0624,3.34,C
r3_5,3,1317,569,121.05333,14.445045,0.552,0,10,tree,0.075,0.61,C
r3_6,3,131,497,121.033926,14.764665,0.5971,0,10,tree,0.0445,1.36,C
r3_7,3,205,446,121.020182,14.744722,0.6114,0,10,tree,0.0362,5.17,C
r3_8,3,537,647,121.07435,14.65525,0.5826,0,10,tree,0.0636,1.49,C
r3_9,3,1123,375,121.001048,14.497326,0.5786,0,40,crop,0.0293,0.0,C
r3_10,3,493,149,120.940142,14.667108,0.6102,0,10,tree,0.048,0.0,C
r3_11,3,808,274,120.973829,14.582217,0.5561,0,10,tree,0.0702,4.11,C
r3_12,3,276,625,121.068421,14.725588,0.6238,1,50,built-up,0.0603,3.31,C
r3_13,3,295,277,120.974637,14.720468,0.6552,1,10,tree,0.0529,1.26,D
r3_14,3,526,666,121.07947,14.658215,0.622,1,10,tree,0.1885,4.88,C
r3_15,3,360,658,121.077315,14.702951,0.6377,1,10,tree,0.0676,2.53,C
r3_16,3,254,126,120.933943,14.731517,0.6343,1,80,water,0.0604,4.64,C
r3_17,3,335,286,120.977063,14.709688,0.6316,1,10,tree,0.0526,1.12,C
r3_18,3,1065,350,120.99431,14.512957,0.6374,1,10,tree,0.048,2.43,C
r3_19,3,962,531,121.043089,14.540715,0.6432,1,50,built-up,0.0791,0.21,C
r3_20,3,1002,608,121.06384,14.529935,0.6379,1,10,tree,0.0952,2.74,C
r3_21,3,952,323,120.987034,14.54341,0.6509,1,40,crop,0.0882,0.05,D
r3_22,3,244,625,121.068421,14.734212,0.6659,1,10,tree,0.0559,6.07,D
r3_23,3,509,827,121.122859,14.662796,0.732,1,10,tree,0.288,1.37,D
r3_24,3,551,848,121.128519,14.651477,0.6707,1,10,tree,0.082,0.0,D
r3_25,3,206,391,121.005359,14.744453,0.6686,1,10,tree,0.0696,1.66,D
r3_26,3,805,676,121.082165,14.583026,0.6842,1,10,tree,0.2394,2.05,D
r3_27,3,552,624,121.068152,14.651208,0.7664,1,10,tree,0.2652,8.35,D
r3_28,3,343,548,121.04767,14.707532,0.5233,0,10,tree,0.0439,0.48,E
r3_29,3,235,634,121.070847,14.736638,0.4183,0,10,tree,0.0911,5.56,E
r3_30,3,1371,494,121.033117,14.430492,0.3425,0,10,tree,0.0715,3.73,E
r3_31,3,369,436,121.017487,14.700525,0.4498,0,10,tree,0.0503,1.88,E
r3_32,3,945,477,121.028536,14.545297,0.5249,0,10,tree,0.0419,1.39,E
r3_33,3,1443,506,121.036351,14.411088,0.4508,0,10,tree,0.2647,3.79,E
r3_34,3,247,175,120.947149,14.733404,0.8159,1,40,crop,0.142,0.0,D
r3_35,3,184,349,120.994041,14.750382,0.6788,1,30,grass,0.1213,0.0,D
r3_36,3,1204,600,121.061684,14.475497,0.8638,1,30,grass,0.1585,0.0,D
r3_37,3,1054,682,121.083782,14.515922,0.7322,1,40,crop,0.1451,0.0,D
r4_0,4,447,243,120.965474,14.679505,0.5975,0,10,tree,0.0597,2.33,C
r4_1,4,390,199,120.953617,14.694866,0.5556,0,50,built-up,0.0388,0.0,C
r4_2,4,101,667,121.07974,14.77275,0.6045,0,10,tree,0.052,2.12,C
r4_3,4,131,594,121.060067,14.764665,0.5848,0,10,tree,0.0516,7.12,C
r4_4,4,1297,356,120.995927,14.450434,0.5903,0,10,tree,0.056,1.85,C
r4_5,4,733,593,121.059797,14.602429,0.5879,0,10,tree,0.2597,0.5,C
r4_6,4,1248,578,121.055755,14.46364,0.61,0,10,tree,0.0688,0.02,C
r4_7,4,119,717,121.093215,14.767899,0.5941,0,10,tree,0.0812,4.68,C
r4_8,4,554,525,121.041472,14.650669,0.5539,0,50,built-up,0.0677,0.9,C
r4_9,4,687,299,120.980566,14.614826,0.579,0,10,tree,0.0458,4.73,C
r4_10,4,461,241,120.964935,14.675732,0.6074,0,40,crop,0.1194,0.0,C
r4_11,4,562,850,121.129057,14.648513,0.6079,0,10,tree,0.4036,0.04,C
r4_12,4,1037,539,121.045245,14.520503,0.6396,1,10,tree,0.4922,5.13,C
r4_13,4,1322,481,121.029614,14.443697,0.6317,1,10,tree,0.0433,1.67,C
r4_14,4,1035,527,121.042011,14.521042,0.6238,1,30,grass,0.0857,0.0,C
r4_15,4,1104,447,121.020451,14.502447,0.6362,1,10,tree,0.1065,1.73,C
r4_16,4,663,626,121.068691,14.621294,0.6423,1,10,tree,0.0385,0.11,C
r4_17,4,561,850,121.129057,14.648782,0.6239,1,10,tree,0.2705,0.0,C
r4_18,4,1456,519,121.039855,14.407585,0.6209,1,10,tree,0.064,5.86,C
r4_19,4,1197,395,121.006437,14.477384,0.6433,1,30,grass,0.0615,0.01,C
r4_20,4,1175,382,121.002934,14.483313,0.6532,1,10,tree,0.0496,2.3,D
r4_21,4,187,362,120.997544,14.749573,0.6463,1,10,tree,0.121,0.68,C
r4_22,4,525,622,121.067613,14.658484,0.6627,1,10,tree,0.087,4.74,D
r4_23,4,1280,332,120.989459,14.455016,0.683,1,10,tree,0.0512,0.0,D
r4_24,4,418,755,121.103456,14.68732,0.768,1,50,built-up,0.053,2.04,D
r4_25,4,209,487,121.031231,14.743645,0.6647,1,10,tree,0.0679,1.57,D
r4_26,4,320,621,121.067343,14.713731,0.692,1,10,tree,0.1875,8.1,D
r4_27,4,676,704,121.089711,14.617791,0.7375,1,10,tree,0.164,0.98,D
r4_28,4,422,157,120.942298,14.686242,0.3087,0,10,tree,0.0581,0.0,E
r4_29,4,1158,561,121.051174,14.487894,0.5025,0,10,tree,0.0505,2.75,E
r4_30,4,707,719,121.093754,14.609436,0.517,0,10,tree,0.0414,1.55,E
r4_31,4,1162,573,121.054407,14.486816,0.4536,0,10,tree,0.0475,1.98,E
r4_32,4,384,347,120.993502,14.696483,0.5346,0,10,tree,0.0491,2.46,E
r4_33,4,1016,516,121.039046,14.526162,0.5027,0,10,tree,0.0431,0.18,E
r4_34,4,470,215,120.957928,14.673306,0.7091,1,30,grass,0.0902,0.04,D
r4_35,4,305,134,120.936099,14.717773,0.6872,1,30,grass,0.0493,0.17,D
r4_36,4,285,155,120.941759,14.723163,0.663,1,30,grass,0.1163,0.0,D
r4_37,4,762,557,121.050096,14.594614,0.7638,1,30,grass,0.1602,0.0,D
r5_0,5,731,209,120.956311,14.602968,-0.2077,0,80,water,0.0363,0.0,F
r5_1,5,920,702,121.089172,14.552034,-0.1946,0,80,water,0.0377,0.0,F
r5_2,5,1198,554,121.049287,14.477114,0.0602,0,50,built-up,0.024,0.0,A
r5_3,5,595,100,120.926937,14.63962,-0.175,0,80,water,0.0382,0.0,F
r5_4,5,258,567,121.052791,14.730439,0.3218,0,50,built-up,0.0381,0.61,A
r5_5,5,742,659,121.077584,14.600004,0.1708,0,50,built-up,0.0351,0.18,A
r5_6,5,1192,755,121.103456,14.478731,-0.2383,0,80,water,0.0316,0.0,F
r5_7,5,682,234,120.963049,14.616174,0.0429,0,50,built-up,0.0275,0.09,A
r5_8,5,914,604,121.062762,14.553651,0.2072,0,50,built-up,0.0273,0.03,A
r5_9,5,402,531,121.043089,14.691632,0.6975,1,10,tree,0.0393,5.61,D
r5_10,5,267,480,121.029344,14.728014,0.2162,0,50,built-up,0.0282,0.04,A
r5_11,5,1141,232,120.96251,14.492476,-0.1424,0,80,water,0.0367,0.0,F
r5_12,5,595,520,121.040124,14.63962,0.3166,0,50,built-up,0.0329,1.03,A
r5_13,5,851,175,120.947149,14.570629,-0.2443,0,80,water,0.0369,0.0,F
r5_14,5,749,40,120.910767,14.598117,-0.1718,0,80,water,0.0368,0.0,F
r5_15,5,334,286,120.977063,14.709958,0.1972,0,50,built-up,0.0251,0.02,A
r5_16,5,1145,558,121.050365,14.491398,0.5374,0,10,tree,0.0537,3.71,E
r5_17,5,512,44,120.911845,14.661988,-0.1608,0,80,water,0.0375,0.0,F
r5_18,5,1334,815,121.119625,14.440463,-0.2066,0,80,water,0.0302,0.0,F
r5_19,5,1101,754,121.103186,14.503255,-0.255,0,80,water,0.032,0.0,F
r5_20,5,141,635,121.071116,14.76197,0.4528,0,50,built-up,0.039,3.08,A
r5_21,5,310,770,121.107498,14.716426,0.5496,0,40,crop,0.2278,0.0,F
r5_22,5,672,531,121.043089,14.618869,0.1325,0,50,built-up,0.0361,0.01,A
r5_23,5,1280,502,121.035273,14.455016,-0.0393,0,50,built-up,0.0286,0.0,A
r5_24,5,1342,615,121.065726,14.438307,-0.168,0,80,water,0.0315,0.0,F
r5_25,5,398,349,120.994041,14.69271,0.2848,0,50,built-up,0.0363,0.52,A
r5_26,5,1106,261,120.970325,14.501908,-0.196,0,80,water,0.0379,0.0,F
r5_27,5,578,22,120.905916,14.644201,-0.1683,0,80,water,0.0372,0.0,F
r5_28,5,910,495,121.033387,14.554729,0.2403,0,50,built-up,0.049,0.44,A
r5_29,5,357,439,121.018295,14.703759,0.2472,0,50,built-up,0.037,1.45,A
r5_30,5,176,759,121.104533,14.752538,0.8526,1,10,tree,0.7358,12.23,D
r5_31,5,392,718,121.093484,14.694327,0.8765,1,10,tree,0.3283,12.69,D
r5_32,5,326,148,120.939872,14.712114,0.3124,0,30,grass,0.0386,0.52,F
r5_33,5,1086,300,120.980835,14.507298,0.2613,0,50,built-up,0.0264,0.34,A
r5_34,5,1399,802,121.116122,14.422946,-0.2611,0,80,water,0.0312,0.0,F
r5_35,5,384,394,121.006168,14.696483,0.2728,0,50,built-up,0.0417,0.0,A
r5_36,5,1445,779,121.109923,14.410549,-0.2646,0,80,water,0.031,0.0,F
r5_37,5,988,323,120.987034,14.533708,0.2935,0,40,crop,0.0382,0.61,F
r5_38,5,885,266,120.971673,14.561466,-0.1977,0,80,water,0.0372,0.0,F
r5_39,5,96,574,121.054677,14.774097,0.042,0,50,built-up,0.0261,0.0,A
r5_40,5,230,623,121.067882,14.737985,0.3452,0,50,built-up,0.0491,3.49,A
r5_41,5,681,158,120.942567,14.616443,-0.1832,0,80,water,0.0374,0.0,F
r5_42,5,177,645,121.073811,14.752268,0.412,0,50,built-up,0.0376,2.15,A
r5_43,5,260,506,121.036351,14.7299,0.7343,1,10,tree,0.1055,2.88,D
r5_44,5,370,192,120.95173,14.700256,0.0896,0,50,built-up,0.0337,0.0,A
r5_45,5,677,694,121.087016,14.617521,0.0353,0,50,built-up,0.0268,0.12,A
r5_46,5,1308,490,121.032039,14.44747,0.0117,0,50,built-up,0.031,0.89,A
r5_47,5,1086,293,120.978949,14.507298,0.4712,0,30,grass,0.0309,0.04,F
r5_48,5,645,619,121.066804,14.626145,0.4016,0,50,built-up,0.0371,0.36,A
r5_49,5,287,658,121.077315,14.722624,-0.4167,0,80,water,0.0404,0.0,F
r5_50,5,1401,444,121.019643,14.422407,0.2802,0,50,built-up,0.0355,2.65,A
r5_51,5,732,93,120.92505,14.602699,-0.2321,0,80,water,0.0361,0.0,F
r5_52,5,760,747,121.1013,14.595153,0.1966,0,50,built-up,0.0328,1.3,A
r5_53,5,571,422,121.013714,14.646087,0.0928,0,50,built-up,0.0292,0.0,A
r5_54,5,424,766,121.10642,14.685703,0.2027,0,50,built-up,0.0373,2.09,A
r5_55,5,415,584,121.057372,14.688129,0.7751,1,10,tree,0.443,0.48,D
r5_56,5,800,761,121.105072,14.584373,0.3879,0,50,built-up,0.0613,2.62,A
r5_57,5,384,682,121.083782,14.696483,0.0261,0,50,built-up,0.0235,0.0,A
r5_58,5,1177,742,121.099952,14.482774,-0.2981,0,80,water,0.0295,0.0,F
r5_59,5,594,23,120.906185,14.639889,-0.1735,0,80,water,0.0366,0.0,F
r5_60,5,322,773,121.108306,14.713192,0.7568,1,10,tree,0.2253,5.71,D
r5_61,5,825,312,120.984069,14.577636,0.0351,0,50,built-up,0.0297,0.0,A
r5_62,5,854,640,121.072464,14.569821,0.267,0,50,built-up,0.0237,0.0,A
r5_63,5,1180,471,121.026919,14.481965,0.378,0,50,built-up,0.0448,2.42,A
r5_64,5,1426,565,121.052252,14.41567,0.7269,1,40,crop,0.0828,0.0,D
r5_65,5,721,327,120.988112,14.605663,0.023,0,50,built-up,0.0231,0.0,A
r5_66,5,614,389,121.00482,14.634499,0.1024,0,50,built-up,0.0312,0.0,A
r5_67,5,474,127,120.934213,14.672228,0.1673,0,50,built-up,0.0283,0.2,A
r5_68,5,1256,645,121.073811,14.461484,-0.2009,0,80,water,0.0309,0.0,F
r5_69,5,1313,624,121.068152,14.446122,-0.1691,0,80,water,0.0315,0.0,F
r5_70,5,484,215,120.957928,14.669534,0.8242,1,10,tree,0.3976,0.0,D
r5_71,5,388,273,120.973559,14.695405,0.0768,0,50,built-up,0.025,0.0,A
r5_72,5,1434,421,121.013444,14.413514,0.1913,0,50,built-up,0.0319,0.36,A
r5_73,5,720,238,120.964127,14.605933,0.0966,0,50,built-up,0.0268,0.22,A
r5_74,5,228,690,121.085938,14.738524,0.8337,1,10,tree,0.7492,20.55,D
r5_75,5,443,150,120.940411,14.680583,0.3223,0,50,built-up,0.0325,0.01,A
r5_76,5,807,163,120.943915,14.582487,-0.2805,0,80,water,0.0365,0.0,F
r5_77,5,386,748,121.101569,14.695944,0.8552,1,10,tree,0.2131,2.11,D
r5_78,5,896,702,121.089172,14.558502,0.2157,0,50,built-up,0.029,0.04,A
r5_79,5,568,64,120.917235,14.646896,-0.1471,0,80,water,0.0376,0.0,F
r5_80,5,869,299,120.980566,14.565778,-0.1918,0,80,water,0.0369,0.0,F
r5_81,5,1132,644,121.073542,14.494901,-0.1255,0,80,water,0.0311,0.0,F
r5_82,5,1306,803,121.116391,14.448009,-0.2773,0,80,water,0.0307,0.0,F
r5_83,5,664,247,120.966552,14.621024,0.0419,0,50,built-up,0.0238,0.0,A
r5_84,5,1381,838,121.125824,14.427797,-0.2605,0,80,water,0.0306,0.0,F
r5_85,5,1337,698,121.088094,14.439655,-0.2394,0,80,water,0.0318,0.0,F
r5_86,5,364,57,120.915348,14.701873,0.0688,0,30,grass,0.0461,0.0,F
r5_87,5,1265,449,121.02099,14.459058,0.3964,0,50,built-up,0.059,0.03,A
r5_88,5,757,427,121.015061,14.595961,0.1024,0,50,built-up,0.0313,0.85,A
r5_89,5,348,619,121.066804,14.706185,0.4953,0,10,tree,0.0576,10.25,E
r5_90,5,810,774,121.108576,14.581678,0.6536,1,10,tree,0.0941,5.47,D
r5_91,5,508,724,121.095101,14.663066,0.1347,0,60,bare,0.039,0.0,B
r5_92,5,224,564,121.051982,14.739602,0.5586,0,10,tree,0.0367,1.25,C
r5_93,5,1064,246,120.966283,14.513227,-0.1243,0,80,water,0.0386,0.0,F
r5_94,5,1350,646,121.074081,14.436151,-0.2672,0,80,water,0.0312,0.0,F
r5_95,5,1071,460,121.023955,14.51134,0.0568,0,50,built-up,0.045,0.0,A
r5_96,5,1437,778,121.109654,14.412705,-0.2564,0,80,water,0.0302,0.0,F
r5_97,5,529,442,121.019104,14.657406,0.0323,0,50,built-up,0.0353,0.0,A
r5_98,5,1398,725,121.095371,14.423215,-0.2297,0,80,water,0.0314,0.0,F
r5_99,5,1032,353,120.995119,14.52185,0.1064,0,50,built-up,0.024,0.2,A
r5_100,5,693,645,121.073811,14.613209,0.2024,0,50,built-up,0.0307,0.08,A
r5_101,5,568,25,120.906724,14.646896,-0.144,0,80,water,0.0372,0.0,F
r5_102,5,1121,762,121.105342,14.497865,-0.1881,0,80,water,0.0318,0.0,F
r5_103,5,236,417,121.012366,14.736368,0.1166,0,50,built-up,0.0255,0.0,A
r5_104,5,1410,748,121.101569,14.419982,-0.2577,0,80,water,0.0316,0.0,F
r5_105,5,818,464,121.025033,14.579522,0.0991,0,50,built-up,0.0315,0.84,A
r5_106,5,789,329,120.988651,14.587338,0.4977,0,50,built-up,0.0822,0.34,A
r5_107,5,878,542,121.046053,14.563353,0.0149,0,50,built-up,0.0281,0.72,A
r5_108,5,685,19,120.905107,14.615365,-0.2031,0,80,water,0.0373,0.0,F
r5_109,5,1234,614,121.065457,14.467413,-0.0882,0,80,water,0.031,0.0,F
r5_110,5,774,9,120.902413,14.59138,-0.1832,0,80,water,0.0372,0.0,F
r5_111,5,114,819,121.120703,14.769247,0.8583,1,10,tree,0.7462,7.94,D
r5_112,5,856,529,121.04255,14.569282,0.052,0,50,built-up,0.0268,0.0,A
r5_113,5,452,308,120.982991,14.678157,0.0902,0,50,built-up,0.0336,0.0,A
r5_114,5,870,42,120.911306,14.565509,-0.2388,0,80,water,0.0372,0.0,F
r5_115,5,1385,843,121.127171,14.426719,-0.2454,0,80,water,0.0309,0.0,F
r5_116,5,788,519,121.039855,14.587607,0.1196,0,50,built-up,0.0336,0.66,A
r5_117,5,281,414,121.011558,14.724241,0.2979,0,40,crop,0.0545,0.0,F
r5_118,5,505,18,120.904838,14.663874,-0.1564,0,80,water,0.0382,0.0,F
r5_119,5,959,648,121.07462,14.541524,0.2492,0,50,built-up,0.0474,0.0,A
r5_120,5,978,526,121.041741,14.536403,0.1655,0,50,built-up,0.051,1.51,A
r5_121,5,580,747,121.1013,14.643662,0.0981,0,50,built-up,0.0279,0.84,A
r5_122,5,437,287,120.977332,14.6822,0.3586,0,50,built-up,0.0323,0.94,A
r5_123,5,541,414,121.011558,14.654172,0.1273,0,50,built-up,0.0243,0.0,A
r5_124,5,838,738,121.098874,14.574132,-0.3393,0,10,tree,0.0714,0.02,E
r5_125,5,945,686,121.08486,14.545297,0.0252,0,50,built-up,0.0321,0.0,A
r5_126,5,240,553,121.049018,14.73529,0.3962,0,50,built-up,0.0484,2.83,A
r5_127,5,339,680,121.083243,14.70861,0.2802,0,50,built-up,0.0409,1.1,A
r5_128,5,460,103,120.927745,14.676001,-0.2335,0,80,water,0.0362,0.0,F
r5_129,5,300,789,121.112618,14.719121,0.5984,0,30,grass,0.0705,0.0,C
r5_130,5,1035,537,121.044706,14.521042,0.5817,0,10,tree,0.3381,11.74,C
r5_131,5,526,475,121.027997,14.658215,0.5786,0,50,built-up,0.0475,1.16,C
r5_132,5,421,530,121.042819,14.686512,0.259,0,50,built-up,0.0336,0.33,A
r5_133,5,205,412,121.011019,14.744722,0.4733,0,50,built-up,0.0373,0.16,A
r5_134,5,1442,728,121.096179,14.411358,-0.2614,0,80,water,0.0321,0.0,F
r5_135,5,423,64,120.917235,14.685973,-0.189,0,80,water,0.0364,0.0,F
r5_136,5,1124,392,121.005629,14.497057,0.3102,0,50,built-up,0.0536,0.67,A
r5_137,5,1105,492,121.032578,14.502177,0.1612,0,50,built-up,0.0503,4.31,A
r5_138,5,735,176,120.947418,14.60189,-0.1437,0,80,water,0.0368,0.0,F
r5_139,5,491,103,120.927745,14.667647,-0.1215,0,80,water,0.0387,0.0,F
r5_140,5,546,185,120.949844,14.652825,0.1816,0,50,built-up,0.0354,0.03,A
r5_141,5,921,466,121.025572,14.551764,-0.0472,0,50,built-up,0.0249,0.0,A
r5_142,5,142,560,121.050904,14.761701,0.4092,0,50,built-up,0.0483,3.23,A
r5_143,5,404,470,121.02665,14.691093,0.2038,0,50,built-up,0.0329,0.25,A
r5_144,5,846,553,121.049018,14.571976,0.3221,0,50,built-up,0.0273,0.02,A
r5_145,5,482,457,121.023146,14.670072,0.2088,0,50,built-up,0.0291,0.0,A
r5_146,5,929,170,120.945801,14.549608,-0.185,0,80,water,0.037,0.0,F
r5_147,5,928,317,120.985417,14.549878,-0.0502,0,50,built-up,0.0331,0.0,A
r5_148,5,416,119,120.932057,14.687859,-0.2011,0,80,water,0.0356,0.0,F
r5_149,5,575,539,121.045245,14.645009,0.2115,0,50,built-up,0.038,4.03,A
r5_150,5,371,365,120.998353,14.699986,0.0746,0,50,built-up,0.03,0.12,A
r5_151,5,946,90,120.924242,14.545027,-0.2576,0,80,water,0.0372,0.0,F
r5_152,5,615,398,121.007246,14.63423,0.2365,0,50,built-up,0.0321,0.0,A
r5_153,5,1305,305,120.982183,14.448278,0.0946,0,50,built-up,0.0296,0.02,A
r5_154,5,802,431,121.016139,14.583834,0.2515,0,50,built-up,0.0404,2.68,A
r5_155,5,534,798,121.115044,14.656059,0.2217,0,50,built-up,0.0306,0.1,A
r5_156,5,387,22,120.905916,14.695674,-0.1729,0,80,water,0.0359,0.0,F
r5_157,5,854,584,121.057372,14.569821,0.4392,0,10,tree,0.0354,2.49,E
r5_158,5,760,44,120.911845,14.595153,-0.1704,0,80,water,0.0367,0.0,F
r5_159,5,402,84,120.922625,14.691632,-0.2014,0,80,water,0.0381,0.0,F
r5_160,5,523,501,121.035004,14.659023,0.1356,0,50,built-up,0.0294,0.46,A
r5_161,5,758,184,120.949574,14.595692,0.0519,0,50,built-up,0.0339,0.0,A
r5_162,5,539,537,121.044706,14.654711,0.1145,0,50,built-up,0.0337,0.57,A
r5_163,5,1375,655,121.076506,14.429414,-0.2381,0,80,water,0.031,0.0,F
r5_164,5,882,602,121.062223,14.562275,-0.0782,0,80,water,0.0422,0.0,F
r5_165,5,510,797,121.114774,14.662527,0.2964,0,50,built-up,0.0354,0.02,A
r5_166,5,1047,357,120.996197,14.517808,0.0251,0,50,built-up,0.0279,0.58,A
r5_167,5,688,467,121.025841,14.614557,0.3854,0,50,built-up,0.0349,1.01,A
r5_168,5,327,323,120.987034,14.711844,0.0585,0,50,built-up,0.0318,0.0,A
r5_169,5,1283,564,121.051982,14.454207,0.0379,0,50,built-up,0.0225,0.0,A
r5_170,5,919,322,120.986764,14.552303,0.043,0,50,built-up,0.0264,0.0,A
r5_171,5,1202,324,120.987303,14.476036,0.3111,0,40,crop,0.0323,0.0,F
r5_172,5,106,659,121.077584,14.771402,0.5396,0,10,tree,0.0484,4.64,E
r5_173,5,1227,785,121.11154,14.469299,-0.2065,0,80,water,0.0307,0.0,F
r5_174,5,632,398,121.007246,14.629648,0.3668,0,50,built-up,0.0295,2.97,A
r5_175,5,747,314,120.984608,14.598656,0.0728,0,50,built-up,0.0289,0.0,A
r5_176,5,1062,252,120.9679,14.513766,-0.1779,0,80,water,0.0379,0.0,F
r5_177,5,757,453,121.022068,14.595961,0.2747,0,50,built-up,0.0362,0.61,A
r5_178,5,374,309,120.983261,14.699178,0.4109,0,50,built-up,0.04,4.0,A
r5_179,5,483,200,120.953886,14.669803,0.1565,0,50,built-up,0.03,0.0,A
r5_180,5,537,188,120.950652,14.65525,0.0824,0,50,built-up,0.0351,0.0,A
r5_181,5,859,718,121.093484,14.568473,0.0861,0,50,built-up,0.0371,0.07,A
r5_182,5,473,786,121.11181,14.672498,0.5343,0,10,tree,0.0567,2.06,E
r5_183,5,563,637,121.071655,14.648243,0.2192,0,50,built-up,0.0479,0.04,A
r5_184,5,1303,282,120.975985,14.448817,0.2132,0,50,built-up,0.0333,0.46,A
r5_185,5,888,328,120.988381,14.560658,0.0545,0,50,built-up,0.0387,0.0,A
r5_186,5,1202,421,121.013444,14.476036,0.0581,0,50,built-up,0.0266,0.0,A
r5_187,5,263,751,121.102378,14.729092,0.6594,1,10,tree,0.1618,0.0,D
r5_188,5,886,161,120.943376,14.561197,-0.1858,0,80,water,0.0368,0.0,F
r5_189,5,935,327,120.988112,14.547991,0.1195,0,50,built-up,0.0386,0.0,A
r5_190,5,593,715,121.092676,14.640159,0.1296,0,50,built-up,0.0278,0.0,A
r5_191,5,766,700,121.088633,14.593536,0.0724,0,50,built-up,0.0277,0.0,A
r5_192,5,1398,827,121.122859,14.423215,-0.2513,0,80,water,0.0307,0.0,F
r5_193,5,1330,616,121.065996,14.441541,-0.1658,0,80,water,0.0312,0.0,F
r5_194,5,614,617,121.066265,14.634499,0.6037,0,50,built-up,0.0518,2.51,C
r5_195,5,406,422,121.013714,14.690554,0.3279,0,50,built-up,0.0723,0.01,A
r5_196,5,330,349,120.994041,14.711036,0.1111,0,50,built-up,0.03,0.0,A
r5_197,5,1137,432,121.016409,14.493554,0.1753,0,50,built-up,0.0317,0.68,A
r5_198,5,765,662,121.078393,14.593806,0.2997,0,50,built-up,0.0379,0.29,A
r5_199,5,1308,509,121.03716,14.44747,0.395,0,50,built-up,0.0376,1.07,A
r5_200,5,798,360,120.997005,14.584912,0.5078,0,50,built-up,0.048,1.34,A
r5_201,5,584,538,121.044975,14.642584,0.3041,0,10,tree,0.0519,0.0,E
r5_202,5,1077,398,121.007246,14.509723,0.1746,0,50,built-up,0.0282,0.28,A
r5_203,5,1370,608,121.06384,14.430761,-0.1918,0,80,water,0.0322,0.0,F
r5_204,5,1284,770,121.107498,14.453938,-0.2385,0,80,water,0.0321,0.0,F
r5_205,5,1004,462,121.024494,14.529396,0.5092,0,50,built-up,0.0475,2.59,A
r5_206,5,873,360,120.997005,14.5647,0.1793,0,50,built-up,0.0366,0.68,A
r5_207,5,1054,552,121.048748,14.515922,0.1304,0,50,built-up,0.0282,0.0,A
r5_208,5,781,96,120.925859,14.589494,-0.2649,0,80,water,0.0362,0.0,F
r5_209,5,251,730,121.096718,14.732326,0.8278,1,10,tree,0.7426,19.7,D
r5_210,5,688,564,121.051982,14.614557,0.1885,0,50,built-up,0.0308,1.86,A
r5_211,5,508,766,121.10642,14.663066,0.0394,0,50,built-up,0.034,0.0,A
r5_212,5,703,20,120.905377,14.610514,-0.2264,0,80,water,0.039,0.0,F
r5_213,5,228,793,121.113696,14.738524,0.8094,1,10,tree,0.7329,13.76,D
r5_214,5,1222,391,121.005359,14.470647,0.1384,0,50,built-up,0.0291,0.0,A
r5_215,5,1120,393,121.005898,14.498135,0.0508,0,50,built-up,0.0265,0.01,A
r5_216,5,466,771,121.107767,14.674384,0.2067,0,50,built-up,0.0325,0.14,A
r5_217,5,511,736,121.098335,14.662257,0.7276,1,10,tree,0.1829,0.0,D
r5_218,5,450,562,121.051443,14.678696,0.1429,0,50,built-up,0.0262,0.1,A
r5_219,5,650,479,121.029075,14.624797,0.3172,0,10,tree,0.0688,2.93,E
r5_220,5,1385,615,121.065726,14.426719,-0.2094,0,80,water,0.0317,0.0,F
r5_221,5,730,759,121.104533,14.603238,0.3136,0,50,built-up,0.0357,0.83,A
r5_222,5,1292,470,121.02665,14.451782,0.5471,0,10,tree,0.0563,1.02,E
r5_223,5,378,657,121.077045,14.6981,0.0774,0,50,built-up,0.0255,0.02,A
r5_224,5,861,322,120.986764,14.567934,0.3381,0,10,tree,0.0338,0.34,E
r5_225,5,659,134,120.936099,14.622372,-0.1405,0,80,water,0.038,0.0,F
r5_226,5,916,201,120.954156,14.553112,-0.1864,0,80,water,0.0365,0.0,F
r5_227,5,441,577,121.055485,14.681122,0.1313,0,50,built-up,0.0262,0.03,A
r5_228,5,918,267,120.971942,14.552573,-0.1398,0,80,water,0.0382,0.0,F
r5_229,5,1404,657,121.077045,14.421598,-0.218,0,80,water,0.0308,0.0,F
r5_230,5,917,600,121.061684,14.552842,0.0697,0,50,built-up,0.0257,0.0,A
r5_231,5,720,420,121.013175,14.605933,0.1929,0,50,built-up,0.0311,0.58,A
r5_232,5,714,162,120.943645,14.60755,-0.194,0,80,water,0.0369,0.0,F
r5_233,5,430,779,121.109923,14.684086,0.5165,0,10,tree,0.0433,2.72,E
r5_234,5,680,449,121.02099,14.616713,0.8578,1,10,tree,0.5707,0.08,D
r5_235,5,924,153,120.94122,14.550956,-0.1572,0,80,water,0.0364,0.0,F
r5_236,5,396,211,120.95685,14.693249,0.7485,1,10,tree,0.0511,1.57,D
r5_237,5,1062,460,121.023955,14.513766,-0.0171,0,50,built-up,0.0293,0.0,A
r5_238,5,1321,352,120.994849,14.443967,0.0546,0,50,built-up,0.031,0.0,A
r5_239,5,862,598,121.061145,14.567665,0.3023,0,50,built-up,0.0354,1.05,A
r5_240,5,526,431,121.016139,14.658215,0.1429,0,50,built-up,0.0379,0.53,A
r5_241,5,357,540,121.045514,14.703759,-0.0626,0,50,built-up,0.0403,0.0,A
r5_242,5,699,70,120.918852,14.611592,-0.1564,0,80,water,0.0365,0.0,F
r5_243,5,1182,671,121.080818,14.481426,-0.2344,0,80,water,0.0318,0.0,F
r5_244,5,941,86,120.923164,14.546374,-0.2144,0,80,water,0.0388,0.0,F
r5_245,5,523,72,120.919391,14.659023,-0.1404,0,80,water,0.038,0.0,F
r5_246,5,688,355,120.995658,14.614557,0.0401,0,50,built-up,0.0263,0.0,A
r5_247,5,1393,722,121.094562,14.424563,-0.3195,0,80,water,0.0305,0.0,F
r5_248,5,493,234,120.963049,14.667108,0.1084,0,50,built-up,0.0262,0.06,A
r5_249,5,698,363,120.997814,14.611862,0.1013,0,50,built-up,0.032,0.21,A
r5_250,5,366,35,120.909419,14.701334,0.0926,0,30,grass,0.0357,0.0,F
r5_251,5,944,169,120.945532,14.545566,-0.1977,0,80,water,0.0369,0.0,F
r5_252,5,486,217,120.958467,14.668995,0.8143,1,10,tree,0.2661,0.0,D
r5_253,5,764,122,120.932865,14.594075,-0.2234,0,80,water,0.036,0.0,F
r5_254,5,975,692,121.086477,14.537212,0.1648,0,50,built-up,0.0337,0.0,A
r5_255,5,532,462,121.024494,14.656598,0.121,0,50,built-up,0.0308,0.11,A
r5_256,5,1028,744,121.100491,14.522928,-0.0842,0,80,water,0.0336,0.0,F
r5_257,5,724,155,120.941759,14.604855,-0.1891,0,80,water,0.0372,0.0,F
r5_258,5,1334,329,120.988651,14.440463,0.122,0,50,built-up,0.0276,0.0,A
r5_259,5,1177,721,121.094293,14.482774,-0.289,0,80,water,0.0304,0.0,F
r5_260,5,322,407,121.009671,14.713192,0.1235,0,50,built-up,0.0247,0.0,A
r5_261,5,953,726,121.09564,14.543141,0.6887,1,30,grass,0.0914,0.0,D
r5_262,5,1175,782,121.110732,14.483313,-0.2539,0,80,water,0.0322,0.0,F
r5_263,5,185,329,120.988651,14.750112,0.6841,1,40,crop,0.0843,0.0,D
r5_264,5,1442,516,121.039046,14.411358,0.5061,0,50,built-up,0.0665,0.19,A
r5_265,5,667,315,120.984878,14.620216,0.1652,0,50,built-up,0.0321,0.06,A
r5_266,5,846,485,121.030692,14.571976,0.1553,0,50,built-up,0.0322,0.0,A
r5_267,5,901,661,121.078123,14.557154,0.0151,0,50,built-up,0.0238,0.0,A
r5_268,5,392,12,120.903221,14.694327,-0.1803,0,80,water,0.0355,0.0,F
r5_269,5,1347,318,120.985686,14.43696,0.1286,0,50,built-up,0.0307,0.22,A
r5_270,5,1429,395,121.006437,14.414861,0.074,0,50,built-up,0.0333,1.47,A
r5_271,5,641,52,120.914001,14.627223,-0.2379,0,80,water,0.0368,0.0,F
r5_272,5,143,610,121.064379,14.761431,0.1565,0,50,built-up,0.0311,1.42,A
r5_273,5,558,44,120.911845,14.649591,-0.1521,0,80,water,0.0377,0.0,F
r5_274,5,835,210,120.956581,14.574941,0.0479,0,80,water,0.0338,0.0,F
r5_275,5,1479,457,121.023146,14.401386,0.667,1,30,grass,0.0991,0.0,D
r5_276,5,1340,792,121.113427,14.438846,-0.278,0,80,water,0.0311,0.0,F
r5_277,5,1318,519,121.039855,14.444775,0.3939,0,50,built-up,0.0433,0.51,A
r5_278,5,281,357,120.996197,14.724241,0.496,0,50,built-up,0.0337,0.32,A
r5_279,5,1087,292,120.97868,14.507028,0.4649,0,50,built-up,0.0427,1.4,A
r5_280,5,1166,492,121.032578,14.485738,0.2631,0,50,built-up,0.0305,0.15,A
r5_281,5,358,712,121.091867,14.70349,0.1261,0,50,built-up,0.0256,0.39,A
r5_282,5,1102,408,121.009941,14.502986,0.153,0,50,built-up,0.0516,0.0,A
r5_283,5,1271,439,121.018295,14.457441,0.6209,1,10,tree,0.0966,1.23,C
r5_284,5,595,578,121.055755,14.63962,0.2352,0,50,built-up,0.0352,1.3,A
r5_285,5,1318,468,121.026111,14.444775,0.1259,0,50,built-up,0.0313,0.0,A
r5_286,5,1034,540,121.045514,14.521311,0.7331,1,10,tree,0.4919,6.27,D
r5_287,5,381,399,121.007515,14.697291,0.1124,0,50,built-up,0.0284,0.28,A
r5_288,5,585,384,121.003473,14.642315,0.0868,0,50,built-up,0.0236,0.0,A
r5_289,5,915,272,120.97329,14.553381,-0.1429,0,80,water,0.0376,0.0,F
r5_290,5,1029,646,121.074081,14.522659,-0.0125,0,50,built-up,0.0282,0.01,A
r5_291,5,340,550,121.048209,14.708341,0.1277,0,50,built-up,0.0313,0.59,A
r5_292,5,1265,594,121.060067,14.459058,-0.147,0,80,water,0.031,0.0,F
r5_293,5,468,445,121.019912,14.673845,0.1228,0,50,built-up,0.0301,0.92,A
r5_294,5,868,316,120.985147,14.566048,0.0385,0,50,built-up,0.0452,0.0,A
r5_295,5,1233,481,121.029614,14.467682,0.1031,0,50,built-up,0.0328,0.09,A
r5_296,5,929,118,120.931787,14.549608,-0.2074,0,80,water,0.0382,0.0,F
r5_297,5,1157,471,121.026919,14.488164,0.0833,0,50,built-up,0.0271,0.31,A
r5_298,5,947,502,121.035273,14.544758,0.7172,1,10,tree,0.1102,8.06,D
r5_299,5,928,341,120.991885,14.549878,0.2547,0,50,built-up,0.0307,0.71,A
r5_300,5,640,307,120.982722,14.627492,0.1158,0,50,built-up,0.0315,0.0,A
r5_301,5,303,403,121.008593,14.718312,0.0215,0,50,built-up,0.0345,0.12,A
r5_302,5,706,40,120.910767,14.609706,-0.2141,0,80,water,0.0373,0.0,F
r5_303,5,1412,820,121.120973,14.419443,-0.2861,0,80,water,0.0313,0.0,F
r5_304,5,1135,173,120.94661,14.494093,-0.1151,0,80,water,0.0403,0.0,F
r5_305,5,355,363,120.997814,14.704298,0.1585,0,50,built-up,0.0235,0.12,A
r5_306,5,1343,442,121.019104,14.438038,0.2731,0,50,built-up,0.0365,2.82,A
r5_307,5,1378,760,121.104803,14.428605,-0.2531,0,80,water,0.0307,0.0,F
r5_308,5,176,749,121.101839,14.752538,0.8245,1,10,tree,0.737,11.8,D
r5_309,5,729,127,120.934213,14.603507,-0.1562,0,80,water,0.038,0.0,F
r5_310,5,1050,499,121.034465,14.517,0.5789,0,10,tree,0.0627,0.25,C
r5_311,5,766,333,120.989729,14.593536,0.3012,0,10,tree,0.0268,0.31,E
r5_312,5,635,604,121.062762,14.62884,0.0743,0,50,built-up,0.0288,0.11,A
r5_313,5,910,480,121.029344,14.554729,0.1314,0,50,built-up,0.055,1.01,A
r5_314,5,695,336,120.990537,14.61267,0.0098,0,50,built-up,0.0311,0.0,A
r5_315,5,363,610,121.064379,14.702142,0.5859,0,10,tree,0.0437,2.03,C
r5_316,5,601,384,121.003473,14.638003,0.2073,0,50,built-up,0.0347,0.06,A
r5_317,5,445,568,121.05306,14.680044,0.4505,0,50,built-up,0.0394,0.0,A
r5_318,5,685,749,121.101839,14.615365,0.2487,0,50,built-up,0.0322,0.16,A
r5_319,5,607,21,120.905646,14.636386,-0.1294,0,80,water,0.0373,0.0,F
r5_320,5,1015,387,121.004281,14.526432,0.0906,0,50,built-up,0.0249,0.0,A
r5_321,5,239,789,121.112618,14.73556,0.8549,1,10,tree,0.7392,15.66,D
r5_322,5,740,603,121.062492,14.600543,0.1343,0,50,built-up,0.0329,1.12,A
r5_323,5,504,803,121.116391,14.664144,0.2245,0,50,built-up,0.0287,0.0,A
r5_324,5,196,749,121.101839,14.747148,0.8547,1,10,tree,0.7353,18.32,D
r5_325,5,1074,686,121.08486,14.510532,0.374,0,50,built-up,0.0376,0.0,A
r5_326,5,283,560,121.050904,14.723702,0.5227,0,50,built-up,0.0428,0.09,A
r5_327,5,999,189,120.950922,14.530744,-0.099,0,80,water,0.0374,0.0,F
r5_328,5,1302,441,121.018834,14.449087,0.1104,0,50,built-up,0.0294,0.98,A
r5_329,5,522,497,121.033926,14.659293,0.0915,0,50,built-up,0.0299,0.35,A
r5_330,5,1071,599,121.061414,14.51134,0.2841,0,50,built-up,0.0371,2.31,A
r5_331,5,1412,447,121.020451,14.419443,0.1451,0,50,built-up,0.0367,0.65,A
r5_332,5,1307,511,121.037699,14.447739,0.1332,0,50,built-up,0.0377,0.0,A
r5_333,5,921,340,120.991615,14.551764,0.0517,0,50,built-up,0.0253,0.18,A
r5_334,5,641,460,121.023955,14.627223,0.1705,0,50,built-up,0.0333,0.0,A
r5_335,5,271,658,121.077315,14.726936,-0.6118,0,80,water,0.041,0.0,F
r5_336,5,1437,453,121.022068,14.412705,0.165,0,50,built-up,0.0623,0.7,A
r5_337,5,1027,213,120.957389,14.523198,-0.088,0,80,water,0.0391,0.0,F
r5_338,5,1135,442,121.019104,14.494093,0.3636,0,50,built-up,0.037,0.42,A
r5_339,5,580,8,120.902143,14.643662,-0.1516,0,80,water,0.0367,0.0,F
r5_340,5,1324,568,121.05306,14.443158,0.8543,1,10,tree,0.0948,0.0,D
r5_341,5,426,345,120.992963,14.685164,0.3084,0,50,built-up,0.0311,2.94,A
r5_342,5,490,857,121.130944,14.667917,0.4191,0,10,tree,0.051,1.64,E
r5_343,5,393,428,121.015331,14.694058,0.2063,0,50,built-up,0.032,0.0,A
r5_344,5,823,365,120.998353,14.578175,0.4656,0,50,built-up,0.0375,0.09,A
r5_345,5,896,245,120.966013,14.558502,-0.2287,0,80,water,0.038,0.0,F
r5_346,5,298,728,121.096179,14.719659,-0.328,0,80,water,0.0444,0.0,F
r5_347,5,884,675,121.081896,14.561736,0.2445,0,50,built-up,0.0257,0.0,A
r5_348,5,514,175,120.947149,14.661449,0.0849,0,50,built-up,0.0276,0.2,A
r5_349,5,1310,701,121.088903,14.446931,-0.2365,0,80,water,0.0319,0.0,F
r5_350,5,532,487,121.031231,14.656598,-0.0062,0,50,built-up,0.0291,0.0,A
r5_351,5,1441,583,121.057102,14.411627,-0.1371,0,80,water,0.0327,0.0,F
r5_352,5,844,676,121.082165,14.572515,0.0453,0,50,built-up,0.0287,0.0,A
r5_353,5,90,563,121.051713,14.775714,0.0979,0,50,built-up,0.0276,0.0,A
r5_354,5,1275,322,120.986764,14.456363,0.1385,0,50,built-up,0.0273,0.0,A
r5_355,5,342,84,120.922625,14.707802,0.7725,1,10,tree,0.483,1.84,D
r5_356,5,1369,570,121.053599,14.431031,-0.1045,0,80,water,0.033,0.0,F
r5_357,5,1160,698,121.088094,14.487355,-0.2176,0,80,water,0.031,0.0,F
r5_358,5,681,151,120.940681,14.616443,-0.2198,0,80,water,0.0375,0.0,F
r5_359,5,1115,645,121.073811,14.499482,0.7526,1,90,wetland,0.0921,0.0,D
r5_360,5,806,244,120.965744,14.582756,-0.138,0,80,water,0.0319,0.0,F
r5_361,5,1133,732,121.097257,14.494632,-0.195,0,80,water,0.0315,0.0,F
r5_362,5,1068,633,121.070577,14.512149,0.1586,0,50,built-up,0.0407,1.32,A
r5_363,5,347,281,120.975715,14.706454,0.561,0,10,tree,0.0434,5.97,C
r5_364,5,792,459,121.023685,14.586529,0.3132,0,50,built-up,0.0428,0.66,A
r5_365,5,931,751,121.102378,14.549069,0.3548,0,60,bare,0.0605,0.52,B
r5_366,5,127,590,121.058989,14.765743,0.3481,0,50,built-up,0.0351,1.0,A
r5_367,5,1071,429,121.0156,14.51134,0.3721,0,50,built-up,0.0469,0.0,A
r5_368,5,365,182,120.949035,14.701603,0.6984,1,10,tree,0.0478,1.35,D
r5_369,5,368,523,121.040933,14.700795,0.2605,0,50,built-up,0.0314,0.06,A
r5_370,5,759,631,121.070038,14.595422,0.3801,0,50,built-up,0.0426,0.3,A
r5_371,5,1102,548,121.04767,14.502986,0.022,0,50,built-up,0.0284,0.0,A
r5_372,5,580,139,120.937447,14.643662,-0.1705,0,80,water,0.0369,0.0,F
r5_373,5,1382,629,121.069499,14.427527,-0.1803,0,80,water,0.0317,0.0,F
r5_374,5,802,422,121.013714,14.583834,0.0237,0,50,built-up,0.027,0.0,A
r5_375,5,727,142,120.938255,14.604046,-0.1745,0,80,water,0.0372,0.0,F
r5_376,5,419,194,120.952269,14.687051,0.1243,0,50,built-up,0.0363,0.1,A
r5_377,5,918,630,121.069769,14.552573,0.1775,0,50,built-up,0.033,0.37,A
r5_378,5,309,201,120.954156,14.716695,0.1626,0,50,built-up,0.0303,0.04,A
r5_379,5,396,558,121.050365,14.693249,0.0855,0,50,built-up,0.0238,0.0,A
r5_380,5,409,450,121.02126,14.689746,0.2161,0,50,built-up,0.0266,4.37,A
r5_381,5,1380,561,121.051174,14.428066,0.5495,0,50,built-up,0.0479,0.0,A
r5_382,5,507,711,121.091598,14.663335,0.1631,0,50,built-up,0.0301,0.0,A
r5_383,5,814,771,121.107767,14.5806,0.3293,0,50,built-up,0.0336,2.56,A
r5_384,5,446,568,121.05306,14.679774,0.4716,0,50,built-up,0.0405,0.01,A
r5_385,5,1444,681,121.083513,14.410819,-0.2393,0,80,water,0.0314,0.0,F
r5_386,5,674,605,121.063031,14.61833,0.6026,0,10,tree,0.0241,0.44,C
r5_387,5,1286,568,121.05306,14.453399,0.3715,0,50,built-up,0.0507,0.0,A
r5_388,5,293,702,121.089172,14.721007,-0.1489,0,80,water,0.0423,0.0,F
r5_389,5,1144,565,121.052252,14.491667,0.5114,0,10,tree,0.06,6.68,E
r5_390,5,1074,337,120.990807,14.510532,0.0648,0,60,bare,0.0381,0.0,B
r5_391,5,813,576,121.055216,14.58087,0.0339,0,50,built-up,0.0269,0.0,A
r5_392,5,1265,566,121.052521,14.459058,0.3536,0,50,built-up,0.0362,0.51,A
r5_393,5,141,547,121.047401,14.76197,0.2382,0,50,built-up,0.031,0.0,A
r5_394,5,710,544,121.046592,14.608628,0.3825,0,50,built-up,0.0397,3.25,A
r5_395,5,485,805,121.11693,14.669264,0.379,0,10,tree,0.0475,2.3,E
r5_396,5,666,482,121.029883,14.620485,-0.0273,0,50,built-up,0.0369,0.0,A
r5_397,5,413,272,120.97329,14.688668,0.1509,0,50,built-up,0.0348,0.0,A
r5_398,5,812,390,121.00509,14.581139,0.0937,0,50,built-up,0.0348,0.03,A
r5_399,5,1410,817,121.120164,14.419982,-0.2704,0,80,water,0.0308,0.0,F
r5_400,5,1077,499,121.034465,14.509723,0.0734,0,50,built-up,0.0395,0.87,A
r5_401,5,658,40,120.910767,14.622641,-0.1977,0,80,water,0.0371,0.0,F
r5_402,5,805,646,121.074081,14.583026,0.3271,0,50,built-up,0.0381,1.0,A
r5_403,5,1468,604,121.062762,14.404351,-0.2296,0,80,water,0.0313,0.0,F
r5_404,5,1051,481,121.029614,14.51673,0.0267,0,50,built-up,0.0542,0.01,A
r5_405,5,647,592,121.059528,14.625606,0.0358,0,50,built-up,0.0333,1.61,A
r5_406,5,373,313,120.984339,14.699447,0.4948,0,50,built-up,0.0466,5.77,A
r5_407,5,663,461,121.024224,14.621294,0.1303,0,50,built-up,0.0329,0.01,A
r5_408,5,503,608,121.06384,14.664413,0.1311,0,50,built-up,0.0259,0.56,A
r5_409,5,964,719,121.093754,14.540176,0.2735,0,50,built-up,0.0375,0.33,A
r5_410,5,1258,364,120.998083,14.460945,0.0304,0,50,built-up,0.0255,0.0,A
r5_411,5,455,712,121.091867,14.677349,0.0745,0,50,built-up,0.0328,0.0,A
r5_412,5,491,64,120.917235,14.667647,-0.1417,0,80,water,0.0378,0.0,F
r5_413,5,324,634,121.070847,14.712653,0.6817,1,10,tree,0.6219,0.65,D
r5_414,5,584,700,121.088633,14.642584,0.391,0,50,built-up,0.0506,0.4,A
r5_415,5,1150,231,120.96224,14.49005,-0.15,0,80,water,0.0367,0.0,F
r5_416,5,580,57,120.915348,14.643662,-0.157,0,80,water,0.0363,0.0,F
r5_417,5,595,764,121.105881,14.63962,0.2249,0,50,built-up,0.0352,0.0,A
r5_418,5,913,58,120.915618,14.55392,-0.203,0,80,water,0.0376,0.0,F
r5_419,5,450,317,120.985417,14.678696,0.1584,0,50,built-up,0.0255,0.0,A
r5_420,5,1197,416,121.012097,14.477384,0.1504,0,50,built-up,0.0325,0.88,A
r5_421,5,750,215,120.957928,14.597848,0.0699,0,50,built-up,0.0243,0.0,A
r5_422,5,1173,370,120.9997,14.483852,0.149,0,50,built-up,0.0329,1.33,A
r5_423,5,1161,708,121.090789,14.487086,-0.2061,0,80,water,0.0303,0.0,F
r5_424,5,279,717,121.093215,14.72478,-0.0372,0,80,water,0.2188,1.94,F
r5_425,5,607,195,120.952539,14.636386,-0.2328,0,80,water,0.0364,0.0,F
r5_426,5,749,597,121.060875,14.598117,0.1423,0,50,built-up,0.0347,0.0,A
r5_427,5,787,483,121.030153,14.587877,0.0748,0,50,built-up,0.0271,0.01,A
r5_428,5,1232,610,121.064379,14.467952,-0.0267,0,80,water,0.0314,0.0,F
r5_429,5,404,711,121.091598,14.691093,0.0757,0,50,built-up,0.0262,0.0,A
r5_430,5,409,575,121.054946,14.689746,0.7839,1,10,tree,0.1168,0.0,D
r5_431,5,1222,751,121.102378,14.470647,-0.2547,0,80,water,0.0306,0.0,F
r5_432,5,470,341,120.991885,14.673306,0.7449,1,10,tree,0.0738,6.89,D
r5_433,5,1438,818,121.120434,14.412436,-0.2755,0,80,water,0.0303,0.0,F
r5_434,5,107,629,121.069499,14.771133,0.6294,1,10,tree,0.0799,4.52,C
r5_435,5,949,384,121.003473,14.544219,0.1263,0,50,built-up,0.0243,0.5,A
r5_436,5,898,514,121.038507,14.557963,0.025,0,50,built-up,0.0408,0.0,A
r5_437,5,382,415,121.011827,14.697022,0.1964,0,50,built-up,0.0216,0.0,A
r5_438,5,539,116,120.931248,14.654711,-0.1385,0,80,water,0.0367,0.0,F
r5_439,5,1054,595,121.060336,14.515922,0.0753,0,50,built-up,0.0261,0.01,A
r5_440,5,894,719,121.093754,14.559041,0.1021,0,50,built-up,0.0229,0.0,A
r5_441,5,579,605,121.063031,14.643932,0.0597,0,50,built-up,0.0252,0.0,A
r5_442,5,635,57,120.915348,14.62884,-0.1567,0,80,water,0.0369,0.0,F
r5_443,5,854,138,120.937177,14.569821,-0.2206,0,80,water,0.0365,0.0,F
r5_444,5,1252,790,121.112888,14.462562,-0.2593,0,80,water,0.0309,0.0,F
r5_445,5,365,726,121.09564,14.701603,0.1366,0,50,built-up,0.0279,0.26,A
r5_446,5,1145,568,121.05306,14.491398,0.5055,0,10,tree,0.0442,3.1,E
r5_447,5,874,92,120.924781,14.564431,-0.2359,0,80,water,0.0365,0.0,F
r5_448,5,513,791,121.113157,14.661718,0.2934,0,50,built-up,0.0332,0.1,A
r5_449,5,1115,193,120.952,14.499482,-0.0962,0,80,water,0.0424,0.0,F
r5_450,5,331,395,121.006437,14.710766,0.3482,0,10,tree,0.0463,0.57,E
r5_451,5,1461,591,121.059258,14.406237,-0.1949,0,80,water,0.0306,0.0,F
r5_452,5,862,593,121.059797,14.567665,0.3443,0,50,built-up,0.0326,0.06,A
r5_453,5,133,814,121.119356,14.764126,0.8674,1,10,tree,0.7352,19.45,D
r5_454,5,659,583,121.057102,14.622372,0.2149,0,50,built-up,0.0258,0.02,A
r5_455,5,454,484,121.030422,14.677618,0.1632,0,50,built-up,0.0287,0.0,A
r5_456,5,678,481,121.029614,14.617252,0.7862,1,10,tree,0.1097,11.17,D
r5_457,5,1438,424,121.014253,14.412436,0.4586,0,30,grass,0.0327,0.0,F
r5_458,5,493,659,121.077584,14.667108,0.1604,0,50,built-up,0.0295,0.0,A
r5_459,5,944,393,121.005898,14.545566,0.0912,0,50,built-up,0.0274,0.04,A
r5_460,5,528,330,120.98892,14.657676,0.0664,0,50,built-up,0.0211,0.0,A
r5_461,5,1173,447,121.020451,14.483852,0.0776,0,50,built-up,0.0245,0.0,A
r5_462,5,1295,608,121.06384,14.450973,-0.1491,0,80,water,0.0326,0.0,F
r5_463,5,543,836,121.125285,14.653633,0.2257,0,50,built-up,0.0322,0.24,A
r5_464,5,1190,590,121.058989,14.47927,0.1143,0,50,built-up,0.0279,0.01,A
r5_465,5,905,507,121.036621,14.556076,0.2566,0,50,built-up,0.0476,3.03,A
r5_466,5,731,340,120.991615,14.602968,0.0568,0,50,built-up,0.0304,0.12,A
r5_467,5,459,765,121.10615,14.676271,0.3241,0,50,built-up,0.0365,0.0,A
r5_468,5,703,367,120.998892,14.610514,0.1731,0,50,built-up,0.0366,0.72,A
r5_469,5,1130,405,121.009132,14.49544,0.3032,0,50,built-up,0.041,1.76,A
r5_470,5,201,762,121.105342,14.7458,0.8486,1,10,tree,0.744,16.38,D
r5_471,5,1011,425,121.014522,14.52751,0.2536,0,50,built-up,0.0307,0.79,A
r5_472,5,1135,231,120.96224,14.494093,-0.0895,0,80,water,0.0369,0.0,F
r5_473,5,886,710,121.091328,14.561197,0.6789,1,10,tree,0.0614,0.04,D
r5_474,5,849,81,120.921816,14.571168,-0.227,0,80,water,0.0361,0.0,F
r5_475,5,402,590,121.058989,14.691632,0.2783,0,50,built-up,0.0383,1.73,A
r5_476,5,847,503,121.035543,14.571707,0.2749,0,50,built-up,0.0306,0.32,A
r5_477,5,1241,309,120.983261,14.465526,0.0627,0,50,built-up,0.0277,0.0,A
r5_478,5,510,87,120.923433,14.662527,-0.1751,0,80,water,0.0374,0.0,F
r5_479,5,478,172,120.94634,14.67115,0.2358,0,50,built-up,0.0353,0.0,A
r5_480,5,785,403,121.008593,14.588416,0.0039,0,50,built-up,0.0258,0.0,A
r5_481,5,311,306,120.982452,14.716156,0.1328,0,50,built-up,0.0221,0.0,A
r5_482,5,477,397,121.006976,14.67142,0.1752,0,50,built-up,0.0261,1.71,A
r5_483,5,1249,673,121.081357,14.46337,-0.2383,0,80,water,0.0317,0.0,F
r5_484,5,803,721,121.094293,14.583565,0.2336,0,50,built-up,0.0559,0.02,A
r5_485,5,879,674,121.081626,14.563083,0.0978,0,50,built-up,0.0283,0.0,A
r5_486,5,708,277,120.974637,14.609167,0.0707,0,50,built-up,0.0273,0.02,A
r5_487,5,516,10,120.902682,14.66091,-0.1429,0,80,water,0.0371,0.0,F
r5_488,5,744,704,121.089711,14.599465,0.5576,0,80,water,0.0631,0.0,C
r5_489,5,1094,209,120.956311,14.505142,-0.1003,0,80,water,0.0411,0.0,F
r5_490,5,797,52,120.914001,14.585182,-0.2759,0,80,water,0.0368,0.0,F
r5_491,5,654,435,121.017217,14.623719,0.2981,0,50,built-up,0.0337,0.84,A
r5_492,5,226,403,121.008593,14.739063,0.4153,0,50,built-up,0.045,0.78,A
r5_493,5,662,253,120.968169,14.621563,0.0685,0,50,built-up,0.0261,0.0,A
r5_494,5,1461,745,121.100761,14.406237,-0.2421,0,80,water,0.0303,0.0,F
r5_495,5,214,655,121.076506,14.742297,0.5493,0,10,tree,0.0404,1.22,E
r5_496,5,1196,454,121.022338,14.477653,0.3611,0,50,built-up,0.0384,3.86,A
r5_497,5,891,292,120.97868,14.559849,-0.1827,0,80,water,0.0382,0.0,F
r5_498,5,1143,297,120.980027,14.491937,-0.0283,0,80,water,0.0398,0.0,F
r5_499,5,873,170,120.945801,14.5647,-0.1614,0,80,water,0.0365,0.0,F
