barangay_name,lgu_name,total_ha,canopy_pct_2025,canopy_pct_2019,canopy_trend_pct_per_yr,flood_frac,flood_pct,hand_m,elev_m,builtup_prob,dist_water_m
Barangay 657,Manila,32.9,13.698,6.343,0.697,0.04877,4.877,3.98,6.34,0.4203,292.7
Barangay 186,Pasay,3.7,4.974,3.447,0.154,0.04284,4.284,0.69,6.29,0.6299,91.2
Barangay 174,Manila,2.6,1.755,0.952,0.1226,0.04274,4.274,2.36,7.41,0.7218,401.8
Jesus Dela Peña,Marikina,97.5,9.113,10.619,-0.2061,0.03671,3.671,4.86,11.12,0.6243,164.8
Santa Ana,Taguig,211.1,11.17,6.317,0.0906,0.03157,3.157,1.18,2.99,0.2911,402.3
Barangay 139,Manila,3.2,1.225,0.314,0.2691,0.02897,2.897,1.9,6.39,0.7013,89.3
Malanday,Marikina,151.7,7.999,6.2,0.1361,0.02823,2.823,6.74,14.15,0.7004,366.0
Carmona,Makati,35.9,6.586,4.985,-0.0829,0.0252,2.52,3.0,6.43,0.6379,296.8
Barangay 43,Caloocan,3.6,2.964,2.903,-0.1394,0.02443,2.443,1.33,8.34,0.7313,833.0
Tumana,Marikina,162.6,9.344,6.948,0.2208,0.02432,2.432,7.26,14.1,0.5613,330.8
Barangay 103,Caloocan,7.0,1.431,1.334,0.1334,0.02404,2.404,3.52,21.87,0.7304,2386.5
Napindan,Taguig,216.7,6.732,5.956,0.116,0.02207,2.207,2.76,3.83,0.4424,327.1
Malanday,Valenzuela,233.5,12.448,7.583,0.0317,0.02145,2.145,0.89,3.53,0.4315,364.1
Kalawaan,Pasig,106.3,6.724,6.089,0.1475,0.02137,2.137,2.59,5.28,0.5008,239.8
Barangay 49,Pasay,3.6,3.538,6.118,0.0121,0.021,2.1,0.34,7.82,0.7247,1030.7
Barangay 173,Manila,3.1,2.053,0.803,0.1171,0.01996,1.996,2.27,7.36,0.7347,329.5
Barangay 33,Pasay,7.5,6.951,5.861,0.4301,0.01883,1.883,2.34,8.92,0.705,282.1
Barangay 39,Pasay,4.9,5.247,2.986,0.5533,0.01801,1.801,1.59,9.09,0.7429,818.3
Barangay 183,Pasay,629.4,6.746,5.29,0.0462,0.01646,1.646,4.4,12.68,0.445,486.8
Barangay 876,Manila,3.4,8.164,10.142,0.0428,0.01638,1.638,6.14,6.24,0.6244,100.8
Barangay 44,Pasay,5.8,2.298,5.471,-0.1438,0.01506,1.506,1.9,8.38,0.7237,600.6
Manuyo Uno,Las Pinas,42.2,9.962,6.568,0.6817,0.0149,1.49,4.24,6.02,0.621,234.8
Barangay 128,Manila,109.3,2.688,1.904,0.106,0.01477,1.477,0.83,0.88,0.5071,75.6
West Rembo,Taguig,62.1,7.958,6.319,0.1488,0.01472,1.472,10.28,12.94,0.6261,203.2
Maybunga,Pasig,158.0,10.613,9.102,0.3156,0.01291,1.291,1.74,6.2,0.6348,513.3
Barangay 161,Caloocan,51.3,10.118,7.525,-0.581,0.01191,1.191,11.49,18.32,0.579,1967.9
Barangay 656,Manila,31.2,4.35,5.677,-0.0901,0.01031,1.031,6.3,6.62,0.465,118.0
Santolan,Pasig,203.3,6.152,5.244,0.2192,0.01001,1.001,2.54,11.88,0.6721,413.8
Santo Niño,Paranaque,260.0,5.688,2.283,0.368,0.00962,0.962,2.88,6.39,0.4849,255.4
San Jose,Pasig,9.2,9.37,6.532,0.2264,0.0095,0.95,1.88,7.68,0.6526,191.7
Barangka Ilaya,Mandaluyong,48.3,7.647,4.177,0.5152,0.00935,0.935,13.94,24.62,0.6594,166.1
Barangay 9,Caloocan,9.8,6.589,5.373,0.0958,0.00931,0.931,8.11,16.07,0.6357,1543.7
La Huerta,Paranaque,79.5,6.472,2.591,0.6498,0.00928,0.928,3.21,4.54,0.6371,272.9
Nangka,Marikina,173.8,9.312,7.057,0.3142,0.00896,0.896,3.73,16.25,0.6808,644.7
Dela Paz,Pasig,102.2,5.509,4.048,0.333,0.00878,0.878,1.01,12.53,0.7106,971.6
Barangay 197,Pasay,8.5,7.959,6.359,0.2842,0.00851,0.851,0.61,7.62,0.7027,521.2
Wack-Wack Greenhills,Mandaluyong,289.9,17.698,13.151,-0.0617,0.00811,0.811,6.47,37.45,0.4777,513.5
Kaunlaran,Quezon City,55.5,8.241,8.18,-0.1743,0.00806,0.806,6.97,37.87,0.7271,436.9
Barangay 34,Pasay,3.7,4.049,9.569,-0.425,0.0078,0.78,2.51,8.91,0.6867,416.9
Lawang Bato,Valenzuela,275.7,8.778,4.412,0.2585,0.00761,0.761,5.08,22.56,0.6387,2535.8
Caniogan,Pasig,97.6,7.823,6.15,0.2507,0.00729,0.729,2.17,7.22,0.6648,409.2
Barangay 156,Pasay,3.6,4.747,4.946,0.6571,0.00722,0.722,0.37,5.97,0.6401,50.4
Alicia,Quezon City,11.1,4.808,4.544,0.0746,0.00721,0.721,4.52,28.43,0.728,2096.0
Valenzuela,Makati,25.5,6.874,5.693,0.1055,0.00694,0.694,4.0,8.6,0.686,400.9
Barangay 76,Pasay,418.8,4.898,3.57,0.3878,0.00692,0.692,3.33,4.79,0.5792,181.8
Barangka,Marikina,74.9,13.884,11.096,0.2582,0.00683,0.683,12.04,20.86,0.6311,505.4
San Roque,Marikina,110.0,7.743,6.214,0.2398,0.00656,0.656,2.22,12.33,0.7098,695.0
Santa Rosa,Pasig,16.5,13.089,11.184,-0.5046,0.00638,0.638,2.28,5.15,0.252,51.0
Namayan,Mandaluyong,32.1,7.485,6.135,-0.2133,0.00631,0.631,5.54,6.1,0.5863,157.1
Buting,Pasig,27.8,6.384,5.851,0.169,0.0063,0.63,4.67,7.36,0.65,207.8
Bagumbayan,Quezon City,156.5,7.837,7.711,0.0253,0.00629,0.629,3.93,12.5,0.6355,235.0
Bagong Ilog,Pasig,123.2,6.683,5.409,0.282,0.00619,0.619,9.85,15.05,0.6393,334.8
Barangay 79,Caloocan,6.1,0.738,1.63,0.0637,0.00602,0.602,2.69,21.05,0.7451,1225.1
Muzon,Malabon,54.7,9.282,0.889,0.3849,0.00583,0.583,1.79,4.4,0.238,17.1
Santa Lucia,Pasig,185.3,7.59,7.56,0.076,0.00536,0.536,2.56,7.68,0.6555,542.2
Ramon Magsaysay,Quezon City,35.1,2.862,2.648,0.0558,0.00516,0.516,7.76,28.95,0.7256,2211.6
Barangay 191,Pasay,48.1,1.855,1.617,0.3309,0.00509,0.509,0.82,5.86,0.6593,164.0
Manggahan,Pasig,282.8,6.12,6.14,-0.0507,0.00508,0.508,2.34,11.0,0.6474,746.1
Balangkas,Valenzuela,127.6,10.926,5.173,-0.1477,0.00502,0.502,0.85,3.45,0.4696,61.4
Pag-asa,Mandaluyong,13.6,10.51,4.084,0.533,0.00497,0.497,3.92,8.46,0.7267,237.3
Santa Elena,Marikina,60.1,7.16,6.258,0.1618,0.00479,0.479,1.94,12.5,0.6859,650.3
Almanza Dos,Las Pinas,319.6,11.153,13.519,-0.5967,0.00468,0.468,5.44,48.75,0.5464,2195.0
Coloong,Valenzuela,199.5,8.301,4.703,0.0882,0.00464,0.464,0.84,2.81,0.3335,40.7
Canumay East,Valenzuela,134.8,4.968,1.985,0.0964,0.00455,0.455,8.28,25.14,0.6817,2794.6
Barangay 161,Manila,3.0,3.883,2.608,0.1804,0.00452,0.452,1.17,6.77,0.7141,519.0
San Rafael Village,Navotas,42.3,0.987,0.971,0.0309,0.0044,0.44,2.23,5.16,0.6996,188.7
Don Galo,Paranaque,146.0,10.246,5.207,0.6228,0.00416,0.416,4.71,5.99,0.5654,245.8
Paligsahan,Quezon City,58.7,6.831,3.576,0.2153,0.00413,0.413,8.75,23.6,0.7264,1467.3
Rosario,Pasig,377.3,7.204,5.307,0.164,0.00413,0.413,2.37,8.78,0.6555,528.6
Tambo,Paranaque,365.3,7.549,4.036,0.6836,0.00402,0.402,2.72,4.66,0.5661,184.7
Santa Cruz,Makati,21.6,7.392,4.034,0.5013,0.00401,0.401,3.25,9.6,0.7253,653.2
Barangay 198,Pasay,49.5,6.977,15.68,-1.5572,0.00396,0.396,2.97,10.56,0.4808,359.5
Batasan Hills,Quezon City,592.2,10.884,9.504,0.1171,0.00395,0.395,21.23,54.08,0.7007,1143.4
Wawang Pulo,Valenzuela,64.7,5.226,1.316,0.3965,0.00393,0.393,0.7,3.08,0.3482,19.4
Santo Niño,Marikina,158.3,6.012,4.79,0.2145,0.00382,0.382,2.52,13.22,0.7026,862.5
San Martin de Porres,Paranaque,162.1,7.848,7.416,0.2352,0.0038,0.38,11.16,31.4,0.6806,813.5
Camp Aguinaldo,Quezon City,185.0,18.051,12.579,0.1123,0.00376,0.376,15.3,52.25,0.6109,1435.0
San Miguel,Pasig,155.6,8.694,5.269,0.3759,0.00373,0.373,1.01,5.25,0.6586,1004.6
Bignay,Valenzuela,333.4,10.143,6.244,0.1438,0.00366,0.366,4.8,20.91,0.5962,3344.2
Ayala Alabang,Muntinlupa,493.9,13.387,13.987,-0.0262,0.00337,0.337,8.45,39.95,0.6358,1954.5
Guadalupe Viejo,Makati,55.4,11.589,6.899,0.6034,0.00327,0.327,7.32,11.94,0.6693,328.3
Santo Cristo,Quezon City,55.5,6.462,4.35,0.213,0.00323,0.323,8.61,36.51,0.6641,1508.1
Matandang Balara,Quezon City,533.0,15.282,15.128,-0.1478,0.00317,0.317,20.24,62.68,0.6139,965.7
Bagong Silangan,Quezon City,408.0,18.788,17.061,0.0538,0.00308,0.308,22.11,47.65,0.5954,1220.5
Central,Quezon City,134.6,12.5,12.718,-0.2608,0.00302,0.302,4.57,49.54,0.6449,457.5
Project 6,Quezon City,152.7,16.705,17.369,-0.6873,0.00293,0.293,7.37,43.28,0.5389,672.4
Vasra,Quezon City,55.0,13.062,12.546,-0.1573,0.0029,0.29,5.17,46.73,0.6854,732.8
Unang Sigaw,Quezon City,19.8,3.673,3.616,-0.1251,0.00288,0.288,3.17,21.56,0.6767,2397.2
Tagalag,Valenzuela,135.9,10.728,4.008,0.5239,0.00282,0.282,0.52,2.37,0.1981,9.5
Laging Handa,Quezon City,62.9,5.966,4.2,0.1269,0.00278,0.278,11.98,32.39,0.7411,1862.5
Old Capitol Site,Quezon City,14.8,15.174,17.524,-0.7313,0.00263,0.263,6.39,51.7,0.6388,510.9
Poblacion,Makati,104.2,7.064,5.584,0.0725,0.0026,0.26,8.85,12.73,0.6767,305.8
Barangay 162,Manila,2.4,9.109,2.767,0.9378,0.00259,0.259,1.18,6.78,0.6967,564.9
Pasong Putik Proper,Quezon City,243.7,9.928,11.714,0.0073,0.00255,0.255,10.1,81.76,0.6657,1770.1
Malinta,Valenzuela,205.5,5.791,2.724,0.2807,0.00247,0.247,4.88,9.16,0.6517,901.1
Pasolo,Valenzuela,41.0,8.234,3.901,0.2993,0.00235,0.235,1.12,3.68,0.6571,202.8
Horseshoe,Quezon City,38.1,15.899,18.992,-0.807,0.00234,0.234,3.58,31.34,0.6643,222.4
Maysan,Valenzuela,315.3,6.743,4.735,-0.1083,0.00231,0.231,2.72,11.41,0.6779,2141.7
Bayanan,Muntinlupa,75.2,3.933,4.788,-0.0115,0.00222,0.222,4.29,8.67,0.7133,439.0
Pinagkaisahan,Makati,16.2,8.035,4.486,0.5676,0.00221,0.221,4.44,17.21,0.7308,840.3
Cupang,Muntinlupa,543.0,10.442,10.914,-0.1002,0.00219,0.219,5.3,18.85,0.6736,610.2
Pulanglupa Uno,Las Pinas,133.4,8.324,6.65,0.2855,0.00215,0.215,1.56,6.59,0.6551,454.0
Barangay 36,Pasay,3.2,6.056,7.505,0.0646,0.00213,0.213,1.8,8.2,0.6529,568.1
Ugong,Pasig,381.0,12.733,9.583,0.2796,0.00212,0.212,6.2,17.55,0.6314,579.4
San Lorenzo,Makati,173.2,9.274,6.71,0.3582,0.0021,0.21,7.04,16.65,0.6893,308.3
Forbes Park,Makati,253.4,19.401,19.499,0.0443,0.00206,0.206,9.5,26.7,0.5594,870.7
San Dionisio,Paranaque,357.3,10.346,8.761,0.439,0.00206,0.206,2.43,6.11,0.5938,429.1
Gulod,Quezon City,127.9,8.419,7.592,-0.0014,0.00193,0.193,6.08,42.39,0.733,2982.1
Alabang,Muntinlupa,396.1,11.419,11.732,0.0139,0.0019,0.19,5.74,16.2,0.6108,753.7
Olympia,Makati,46.9,6.075,4.492,0.0498,0.0019,0.19,2.85,7.29,0.7114,526.5
Llano,Caloocan,194.4,10.465,7.452,0.0084,0.00189,0.189,5.75,37.64,0.7193,4548.2
Highway Hills,Mandaluyong,93.1,6.128,3.237,0.2511,0.00187,0.187,16.26,37.42,0.7016,652.4
Marilag,Quezon City,46.6,5.098,5.819,-0.0174,0.00187,0.187,10.99,55.11,0.7364,1234.2
Baclaran,Paranaque,155.4,4.823,3.505,0.3545,0.00185,0.185,3.1,5.11,0.5892,178.1
Tañong,Marikina,85.5,9.681,8.022,0.1997,0.00185,0.185,3.6,13.26,0.6355,384.1
UP Campus,Quezon City,464.9,22.813,18.924,-0.0565,0.00182,0.182,10.0,62.34,0.5339,1434.8
Barangay 160,Caloocan,49.3,4.758,3.636,-0.3552,0.00177,0.177,9.77,17.36,0.6537,2407.3
Dampalit,Malabon,279.6,1.991,1.043,0.0475,0.00175,0.175,1.44,2.63,0.1852,15.9
Barangay 658,Manila,25.1,10.886,6.417,0.5086,0.00174,0.174,5.03,7.12,0.598,459.0
San Antonio,Paranaque,313.0,6.688,6.269,0.1202,0.00168,0.168,6.37,24.41,0.7187,1031.0
Pinyahan,Quezon City,156.9,9.901,9.316,-0.1165,0.00167,0.167,7.04,46.14,0.6941,1177.6
Ugong Norte,Quezon City,267.5,13.498,10.105,0.1674,0.00166,0.166,9.65,30.52,0.6856,687.9
Kapasigan,Pasig,16.5,6.537,3.36,0.5388,0.00163,0.163,1.85,7.64,0.6563,196.5
Bagong Pag-asa,Quezon City,109.4,5.293,5.822,-0.0962,0.00162,0.162,5.01,37.74,0.6685,931.5
Parang,Marikina,174.6,12.773,10.11,0.3608,0.00149,0.149,6.22,23.63,0.6695,1578.9
Pinagbuhatan,Pasig,336.7,3.862,3.439,0.152,0.00148,0.148,2.06,4.83,0.6412,454.4
Pamplona Uno,Las Pinas,86.0,7.963,8.088,0.058,0.00143,0.143,2.6,9.82,0.701,779.6
Marcelo Green Village,Paranaque,305.2,8.633,7.004,0.1917,0.00142,0.142,5.95,29.71,0.7088,970.5
Sucat,Muntinlupa,277.8,10.432,8.087,0.1988,0.00138,0.138,7.57,14.04,0.6204,371.0
Loyola Heights,Quezon City,258.8,15.053,13.385,0.0831,0.00135,0.135,15.74,54.73,0.6463,1337.7
Central Bicutan,Taguig,65.5,13.196,13.997,-0.1686,0.00133,0.133,11.98,27.29,0.6741,852.1
Baesa,Quezon City,201.4,5.326,3.564,0.0274,0.0013,0.13,4.95,25.77,0.7015,3179.9
Kaybiga,Caloocan,187.0,10.295,5.509,0.374,0.00129,0.129,8.75,38.81,0.6586,4748.8
Putatan,Muntinlupa,137.8,5.289,5.79,-0.0139,0.00127,0.127,8.63,23.32,0.7169,953.2
San Isidro,Paranaque,274.3,8.196,6.844,0.2689,0.00127,0.127,2.71,14.17,0.7292,1855.7
Western Bicutan,Taguig,625.0,10.827,9.187,0.1982,0.00117,0.117,7.75,23.55,0.5936,1163.2
Pamplona Tres,Las Pinas,225.6,5.712,5.931,0.0631,0.00116,0.116,3.24,13.78,0.7265,876.1
Almanza Uno,Las Pinas,230.1,8.046,7.776,0.0928,0.00114,0.114,4.47,33.31,0.6882,777.6
Manuyo Dos,Las Pinas,218.5,6.577,6.185,-0.075,0.00114,0.114,1.64,8.55,0.6363,919.7
Canumay West,Valenzuela,171.9,6.223,3.541,-0.0301,0.00108,0.108,6.41,15.27,0.6859,2634.9
Tanza,Navotas,515.0,2.455,2.999,0.011,0.00106,0.106,1.17,2.7,0.1348,15.4
Holy Spirit,Quezon City,336.3,10.031,8.939,0.0314,0.00103,0.103,7.25,72.75,0.7294,2344.9
Barangay 38,Pasay,10.1,3.461,5.081,-0.0972,0.00102,0.102,1.24,8.59,0.7354,932.5
Bagumbayan,Taguig,224.6,4.809,4.431,0.0758,0.00098,0.098,9.0,15.36,0.6845,289.4
Bungad,Quezon City,50.9,4.702,3.642,0.0378,0.00098,0.098,7.93,30.43,0.7281,1864.2
Barangay 173,Caloocan,92.8,13.635,14.502,-0.2554,0.00094,0.094,6.41,53.23,0.7166,5115.7
Fort Bonifacio,Taguig,447.8,11.855,9.509,0.2488,0.00093,0.093,11.37,26.18,0.5851,916.8
Punturin,Valenzuela,183.7,7.827,4.09,0.2788,0.00092,0.092,5.88,17.07,0.6576,2070.0
Buli,Muntinlupa,41.1,6.965,8.444,-0.1531,0.0009,0.09,2.94,7.21,0.6294,378.3
Talon Uno,Las Pinas,200.0,5.829,5.552,0.1063,0.00087,0.087,3.96,28.09,0.7137,2084.5
Talayan,Quezon City,48.9,11.732,8.958,-0.0756,0.00082,0.082,2.38,11.7,0.7183,1638.1
South Triangle,Quezon City,112.6,5.879,3.912,0.1746,0.00078,0.078,7.32,36.85,0.7256,1548.5
Bagbag,Quezon City,194.3,10.477,9.125,-0.1845,0.00076,0.076,7.27,40.23,0.6937,4417.1
Lingunan,Valenzuela,214.3,6.448,3.784,-0.0094,0.00076,0.076,2.64,8.47,0.6324,1539.6
Barangay 144,Manila,4.1,0.241,0.048,0.1327,0.00074,0.074,0.83,5.38,0.6773,72.4
Mabini-J. Rizal,Mandaluyong,20.9,10.384,6.019,0.4202,0.00073,0.073,4.51,6.14,0.6938,213.6
Magallanes,Makati,122.8,8.448,8.465,0.24,0.00071,0.071,2.99,10.85,0.7133,628.6
Barangay 176-F,Caloocan,101.8,10.639,11.799,-0.249,0.0007,0.07,8.18,46.11,0.7037,6168.2
Veinte Reales,Valenzuela,189.1,5.376,2.55,0.0574,0.0007,0.07,2.15,6.46,0.6482,1460.3
Don Bosco,Paranaque,378.8,6.986,6.244,0.1178,0.00069,0.069,6.27,21.34,0.7335,1771.3
Tatalon,Quezon City,93.3,6.93,4.225,0.0411,0.00069,0.069,2.75,11.27,0.7287,532.7
Moonwalk,Paranaque,447.3,8.015,6.355,0.2823,0.00059,0.059,3.58,11.04,0.7182,1338.9
Bel-Air,Makati,172.0,9.839,8.168,0.2021,0.00057,0.057,13.27,23.4,0.6852,424.3
Deparo,Caloocan,309.9,10.436,8.554,-0.027,0.00056,0.056,7.36,47.48,0.7202,4945.7
Kalusugan,Quezon City,42.7,7.778,6.633,-0.2119,0.00054,0.054,7.57,15.87,0.6941,514.4
Greater Lagro,Quezon City,424.0,14.513,13.274,-0.0648,0.00053,0.053,9.97,69.11,0.6348,984.7
Santo Domingo,Quezon City,91.1,8.134,5.094,0.0141,0.00052,0.052,3.46,13.11,0.7263,1304.7
San Antonio,Quezon City,74.6,4.476,4.97,0.0126,0.00049,0.049,8.94,21.19,0.7349,2675.2
Talipapa,Quezon City,168.9,6.168,4.923,0.0003,0.00049,0.049,8.14,35.11,0.7168,4136.0
BF Homes,Paranaque,738.0,8.216,8.106,0.0399,0.00047,0.047,5.36,25.42,0.7061,1278.9
Sun Valley,Paranaque,190.3,7.274,6.282,0.2573,0.00046,0.046,3.21,22.22,0.7241,1056.0
Apolonio Samson,Quezon City,194.8,4.292,3.722,-0.0216,0.00045,0.045,5.53,19.75,0.7076,3142.2
Fortune,Marikina,198.1,13.534,9.505,0.2482,0.00045,0.045,11.17,39.77,0.6476,2805.4
Nagkaisang Nayon,Quezon City,282.1,9.988,6.386,0.1007,0.00044,0.044,7.99,39.79,0.7042,4631.4
Santa Cruz,Quezon City,43.5,11.541,7.651,0.0564,0.00043,0.043,6.02,19.24,0.7221,1707.6
Balingasa,Quezon City,79.2,2.9,2.102,0.0711,0.00041,0.041,4.1,19.84,0.7231,2874.7
New Era,Quezon City,63.7,8.423,8.514,-0.3405,0.00041,0.041,10.74,60.97,0.6788,1924.4
New Lower Bicutan,Taguig,120.3,4.572,5.313,-0.0334,0.00038,0.038,2.58,4.63,0.677,515.8
Marikina Heights,Marikina,239.4,14.099,12.244,-0.0149,0.00037,0.037,12.95,35.65,0.6838,2735.3
Culiat,Quezon City,252.9,11.003,10.288,-0.1473,0.00034,0.034,4.88,49.95,0.7232,2026.7
Barangay 175,Caloocan,265.8,13.163,14.061,-0.2752,0.00033,0.033,11.71,53.48,0.6941,5496.5
Buayang Bato,Mandaluyong,31.8,3.943,2.507,0.3013,0.00029,0.029,14.19,29.6,0.6354,252.6
Pinagsama,Taguig,298.7,7.078,6.289,0.0507,0.00029,0.029,7.06,15.07,0.6402,1699.8
Fairview,Quezon City,315.2,12.12,13.903,-0.3977,0.00028,0.028,7.59,59.16,0.7192,1212.1
Merville,Paranaque,309.6,7.789,6.917,0.0559,0.00028,0.028,4.51,19.35,0.7089,990.2
Lower Bicutan,Taguig,132.9,4.829,6.875,-0.3849,0.00027,0.027,9.24,14.99,0.7084,404.4
San Bartolome,Quezon City,359.1,10.484,8.369,0.0334,0.00026,0.026,6.71,39.16,0.7084,4174.7
Pasong Tamo,Quezon City,490.3,12.76,11.288,-0.0959,0.00018,0.018,6.58,55.57,0.689,2857.2
Barangay 654,Manila,9.4,5.652,6.564,-0.1624,0.00011,0.011,6.69,7.62,0.648,281.1
Damayang Lagi,Quezon City,80.7,9.142,10.128,-0.5173,9e-05,0.009,4.66,11.79,0.6933,484.8
Doña Imelda,Quezon City,94.1,9.987,9.11,-0.2666,8e-05,0.008,3.81,10.35,0.6679,333.0
Pansol,Quezon City,171.7,22.641,21.784,-0.2762,4e-05,0.004,22.9,53.94,0.5881,684.7
Addition Hills,San Juan,36.8,9.476,9.118,-0.0875,0.0,0.0,6.84,20.08,0.7209,1067.0
Addition Hills,Mandaluyong,113.7,7.621,6.35,0.0765,0.0,0.0,7.36,18.23,0.7243,1136.8
Aguho,Taguig,16.0,8.225,8.655,0.0592,0.0,0.0,1.27,6.67,0.7218,1561.2
Amihan,Quezon City,13.2,4.714,3.086,0.3011,0.0,0.0,4.1,50.39,0.7396,1589.5
Arkong Bato,Valenzuela,38.6,4.476,0.726,0.2222,0.0,0.0,1.71,4.43,0.7063,402.5
BF Homes Caloocan,Caloocan,62.1,12.757,9.401,0.1539,0.0,0.0,4.38,49.85,0.7315,5161.9
BF International Village,Las Pinas,256.3,9.846,8.842,0.108,0.0,0.0,3.62,19.56,0.674,2158.6
Bagbaguin,Caloocan,92.0,7.835,5.061,-0.0649,0.0,0.0,9.58,33.89,0.6845,4005.7
Bagong Katipunan,Pasig,1.8,8.972,6.158,0.3191,0.0,0.0,2.67,7.67,0.7122,288.6
Bagong Lipunan ng Crame,Quezon City,93.3,9.453,7.842,0.1516,0.0,0.0,4.26,39.57,0.722,1095.3
Bagong Silang,Mandaluyong,14.2,3.883,4.72,-0.0773,0.0,0.0,2.25,8.53,0.7276,624.0
Bagumbong,Caloocan,588.8,11.278,12.031,-0.2773,0.0,0.0,8.57,48.29,0.6952,5579.8
Bagumbuhay,Quezon City,24.0,6.344,5.129,-0.1043,0.0,0.0,3.09,48.87,0.7361,1686.4
Bahay Toro,Quezon City,299.7,6.603,6.399,-0.0537,0.0,0.0,5.56,31.96,0.7338,2368.6
Balong Bato,Quezon City,38.1,6.138,5.104,-0.2701,0.0,0.0,5.27,25.57,0.7083,2378.4
Balong-Bato,San Juan,25.4,5.777,5.429,0.0833,0.0,0.0,6.53,14.0,0.7265,403.5
Bangkal,Makati,88.1,3.823,3.963,0.0668,0.0,0.0,2.79,9.28,0.7288,579.9
Barangay 1,Pasay,3.5,5.908,1.637,0.7534,0.0,0.0,8.59,10.23,0.698,207.7
Barangay 1,Caloocan,4.1,5.809,3.467,0.1592,0.0,0.0,3.41,12.0,0.7149,1428.6
Barangay 10,Pasay,3.3,6.484,6.479,0.1629,0.0,0.0,4.57,8.6,0.7232,445.1
Barangay 10,Caloocan,3.8,4.564,3.354,0.037,0.0,0.0,7.81,12.76,0.7347,1317.1
Barangay 100,Pasay,3.1,8.538,8.529,-0.028,0.0,0.0,2.47,8.07,0.7215,952.3
Barangay 100,Caloocan,4.4,6.953,4.219,0.1367,0.0,0.0,6.27,25.58,0.742,2425.2
Barangay 101,Pasay,1.7,9.772,8.525,-0.1163,0.0,0.0,3.04,8.68,0.7331,1104.1
Barangay 101,Caloocan,11.4,3.597,2.935,0.0697,0.0,0.0,7.24,23.7,0.7439,2533.8
Barangay 102,Pasay,1.0,9.954,7.386,-0.1781,0.0,0.0,2.71,8.96,0.7344,1168.7
Barangay 102,Caloocan,2.4,2.482,0.552,0.227,0.0,0.0,8.77,24.27,0.7424,2658.0
Barangay 103,Pasay,1.5,10.15,5.776,0.2115,0.0,0.0,2.25,8.64,0.7265,1165.8
Barangay 104,Caloocan,7.5,0.944,0.273,0.1552,0.0,0.0,4.37,21.41,0.7349,2280.3
Barangay 104,Pasay,2.6,9.772,6.23,0.0593,0.0,0.0,1.86,8.49,0.7316,1169.7
Barangay 105,Pasay,1.0,5.782,5.057,-0.1788,0.0,0.0,1.12,7.92,0.7486,1191.8
Barangay 105,Caloocan,8.4,0.485,0.036,0.2369,0.0,0.0,8.69,23.43,0.7332,2610.0
Barangay 106,Caloocan,5.7,1.635,1.137,0.2187,0.0,0.0,5.28,20.43,0.7361,2012.0
Barangay 106,Pasay,1.1,2.998,3.922,-0.2721,0.0,0.0,1.76,7.98,0.7416,1186.3
Barangay 107,Caloocan,4.8,1.354,0.907,0.2024,0.0,0.0,5.51,21.15,0.7418,2117.1
Barangay 107,Pasay,2.4,3.665,4.104,-0.1721,0.0,0.0,2.26,7.97,0.7387,1182.3
Barangay 108,Caloocan,4.9,0.862,0.031,0.1913,0.0,0.0,3.84,20.82,0.7428,2218.4
Barangay 108,Pasay,3.0,3.723,3.568,-0.1278,0.0,0.0,2.39,7.99,0.7424,1098.1
Barangay 109,Caloocan,7.0,1.516,0.262,0.2573,0.0,0.0,4.38,19.87,0.7429,1961.1
Barangay 109,Pasay,0.9,5.257,4.352,-0.2158,0.0,0.0,2.87,8.47,0.748,1090.1
Barangay 11,Pasay,2.0,5.431,6.135,-0.0885,0.0,0.0,3.1,8.02,0.7297,451.0
Barangay 11,Caloocan,4.2,0.154,0.471,-0.0193,0.0,0.0,8.06,12.87,0.738,1302.5
Barangay 110,Caloocan,2.5,0.236,3.043,-0.2889,0.0,0.0,4.57,19.93,0.733,1735.8
Barangay 110,Pasay,1.9,4.914,4.364,-0.2435,0.0,0.0,2.49,8.74,0.7412,1111.6
Barangay 111,Caloocan,2.5,0.419,2.626,-0.3073,0.0,0.0,3.86,19.36,0.7503,1864.7
Barangay 111,Pasay,1.6,10.232,5.105,0.3738,0.0,0.0,2.82,8.42,0.7426,1131.5
Barangay 112,Caloocan,2.4,0.786,0.032,-0.1207,0.0,0.0,3.63,19.13,0.749,1991.8
Barangay 112,Pasay,1.1,10.536,7.472,0.3122,0.0,0.0,2.33,7.93,0.7398,1060.3
Barangay 113,Caloocan,2.4,0.102,2.678,-0.3033,0.0,0.0,4.05,19.29,0.7314,1642.6
Barangay 113,Pasay,3.1,6.441,6.65,0.1867,0.0,0.0,2.21,7.81,0.7435,863.7
Barangay 114,Caloocan,1.6,0.0,3.162,-0.3696,0.0,0.0,2.32,17.82,0.7383,1741.1
Barangay 114,Pasay,2.4,10.056,8.243,0.4313,0.0,0.0,2.32,7.92,0.7305,966.5
Barangay 115,Caloocan,1.4,0.897,2.135,-0.2289,0.0,0.0,2.45,17.9,0.75,1807.3
Barangay 115,Pasay,4.7,7.732,6.287,0.4384,0.0,0.0,1.99,7.59,0.7319,841.3
Barangay 116,Caloocan,2.6,2.338,3.036,-0.1066,0.0,0.0,4.64,19.33,0.7466,1906.4
Barangay 116,Pasay,0.5,0.789,2.905,0.4238,0.0,0.0,2.12,7.72,0.738,729.4
Barangay 117,Pasay,1.1,1.424,2.758,0.4318,0.0,0.0,1.93,7.53,0.7377,706.8
Barangay 117,Caloocan,3.2,0.185,0.408,-0.011,0.0,0.0,2.92,17.48,0.7138,1590.8
Barangay 118,Pasay,2.4,3.046,2.555,0.4114,0.0,0.0,2.12,7.72,0.7391,594.9
Barangay 118,Caloocan,36.6,9.561,7.964,-0.2293,0.0,0.0,2.41,15.53,0.6836,1751.1
Barangay 119,Pasay,3.0,4.299,1.344,0.7509,0.0,0.0,1.96,7.56,0.7433,561.7
Barangay 119,Caloocan,4.1,1.348,0.253,0.1764,0.0,0.0,3.17,16.7,0.725,1517.4
Barangay 12,Pasay,2.1,4.852,5.79,-0.1867,0.0,0.0,2.53,7.85,0.7268,468.4
Barangay 12,Caloocan,31.8,0.73,1.13,-0.0484,0.0,0.0,1.4,6.99,0.7339,948.6
Barangay 120,Pasay,3.3,5.775,1.653,0.6022,0.0,0.0,1.89,7.49,0.7307,894.3
Barangay 120,Caloocan,6.0,2.752,1.519,0.2556,0.0,0.0,1.41,13.7,0.7325,1361.8
Barangay 121,Caloocan,5.1,0.126,2.263,-0.5051,0.0,0.0,7.24,21.87,0.7502,2190.5
Barangay 121,Pasay,1.9,6.376,4.938,0.1844,0.0,0.0,2.36,7.96,0.7392,874.9
Barangay 122,Caloocan,5.1,0.276,0.0,-0.0525,0.0,0.0,8.42,22.18,0.7476,2459.5
Barangay 122,Pasay,1.6,6.618,4.661,-0.1439,0.0,0.0,3.02,8.62,0.7399,959.5
Barangay 123,Caloocan,2.2,1.935,4.637,-0.6468,0.0,0.0,5.89,19.93,0.7477,2044.8
Barangay 123,Pasay,1.4,6.137,5.211,0.5081,0.0,0.0,2.36,7.96,0.7378,859.7
Barangay 124,Caloocan,3.2,1.862,3.372,-0.4947,0.0,0.0,7.64,21.44,0.739,2191.0
Barangay 124,Pasay,2.0,7.996,4.115,0.5895,0.0,0.0,2.97,8.57,0.7449,955.0
Barangay 125,Caloocan,3.0,1.422,0.703,-0.115,0.0,0.0,7.36,21.1,0.7482,2349.1
Barangay 125,Pasay,2.5,8.083,4.0,0.5798,0.0,0.0,3.16,8.76,0.7418,1009.1
Barangay 125,Manila,5.7,0.41,0.0,0.0099,0.0,0.0,3.49,6.41,0.7256,328.5
Barangay 126,Pasay,1.0,8.859,5.473,0.5381,0.0,0.0,2.74,8.34,0.737,1036.3
Barangay 126,Caloocan,3.9,3.204,1.334,-0.0052,0.0,0.0,6.55,20.25,0.7466,2279.8
Barangay 126,Manila,13.8,1.815,0.937,0.0971,0.0,0.0,5.28,5.75,0.7051,311.3
Barangay 127,Pasay,2.7,8.366,1.97,1.0574,0.0,0.0,2.09,7.69,0.7163,764.7
Barangay 127,Caloocan,4.3,7.401,1.927,0.3432,0.0,0.0,5.02,18.19,0.7445,2116.1
Barangay 127,Manila,5.4,0.45,0.0,0.0399,0.0,0.0,5.02,5.67,0.7321,392.4
Barangay 128,Pasay,1.5,8.92,1.999,1.1701,0.0,0.0,0.76,6.36,0.7152,653.8
Barangay 128,Caloocan,4.0,5.888,2.223,0.1091,0.0,0.0,4.67,17.91,0.7438,2014.3
Barangay 129,Pasay,1.2,6.933,4.419,0.81,0.0,0.0,2.53,8.13,0.7481,723.6
Barangay 129,Caloocan,2.3,5.892,3.267,-0.1581,0.0,0.0,3.74,16.93,0.7465,1921.2
Barangay 129,Manila,3.8,0.299,0.0,0.0602,0.0,0.0,3.32,5.26,0.698,172.6
Barangay 13,Pasay,15.9,4.478,7.081,-0.0502,0.0,0.0,2.74,8.36,0.7031,328.3
Barangay 13,Caloocan,3.8,1.594,1.003,0.3376,0.0,0.0,10.08,17.28,0.7231,1427.4
Barangay 130,Pasay,3.7,4.97,5.647,0.3388,0.0,0.0,1.94,7.54,0.7429,575.2
Barangay 130,Caloocan,2.8,2.77,1.787,0.0631,0.0,0.0,2.66,16.08,0.7383,1864.8
Barangay 130,Manila,3.2,0.352,0.365,0.0808,0.0,0.0,1.54,3.64,0.6567,96.8
Barangay 131,Pasay,3.1,5.689,4.762,0.5853,0.0,0.0,2.87,8.47,0.7368,799.1
Barangay 131,Caloocan,4.7,0.407,0.0,0.1145,0.0,0.0,3.55,17.15,0.7487,2072.6
Barangay 131,Manila,2.7,0.108,0.0,-0.0209,0.0,0.0,3.38,5.88,0.7247,334.2
Barangay 132,Caloocan,5.2,0.999,0.559,0.0822,0.0,0.0,5.52,17.22,0.7151,1259.5
Barangay 132,Pasay,0.7,6.928,6.672,0.4955,0.0,0.0,2.07,7.67,0.7412,580.9
Barangay 132,Manila,4.4,1.136,0.802,0.3284,0.0,0.0,1.24,5.75,0.6957,103.2
Barangay 133,Caloocan,3.4,1.36,0.494,0.1489,0.0,0.0,8.16,19.58,0.6924,1421.1
Barangay 133,Pasay,2.2,5.419,4.006,0.5192,0.0,0.0,2.61,8.21,0.7455,930.8
Barangay 133,Manila,7.6,2.153,0.616,0.4529,0.0,0.0,1.94,4.33,0.6091,61.6
Barangay 134,Caloocan,8.9,2.186,4.107,-0.1913,0.0,0.0,6.72,22.84,0.7409,1568.1
Barangay 134,Pasay,3.4,8.517,7.878,0.321,0.0,0.0,1.66,7.26,0.7375,686.4
Barangay 134,Manila,3.3,2.055,2.132,0.4222,0.0,0.0,2.07,5.75,0.7106,200.9
Barangay 135,Caloocan,7.6,2.253,3.716,-0.1267,0.0,0.0,8.57,24.22,0.7359,1671.9
Barangay 135,Pasay,4.4,11.785,9.803,0.0479,0.0,0.0,2.7,8.3,0.734,821.4
Barangay 135,Manila,2.5,0.26,3.909,-0.6321,0.0,0.0,1.46,5.67,0.7346,126.8
Barangay 136,Caloocan,9.2,1.367,1.136,-0.0853,0.0,0.0,8.96,26.92,0.7286,1931.0
Barangay 136,Pasay,3.4,6.817,4.623,0.5106,0.0,0.0,2.25,7.85,0.7485,937.1
Barangay 136,Manila,1.4,0.255,1.273,-0.1078,0.0,0.0,1.52,5.83,0.6592,213.7
Barangay 137,Caloocan,8.4,3.559,4.198,-0.041,0.0,0.0,13.13,26.66,0.7253,1754.8
Barangay 137,Pasay,2.7,12.372,8.553,0.1,0.0,0.0,0.89,6.49,0.7374,920.5
Barangay 137,Manila,2.3,0.314,0.087,0.1882,0.0,0.0,1.29,5.99,0.6944,52.1
Barangay 138,Caloocan,8.3,2.26,1.525,-0.0956,0.0,0.0,7.29,26.09,0.715,2031.6
Barangay 138,Pasay,1.3,7.751,2.162,0.5505,0.0,0.0,2.22,7.82,0.7453,824.6
Barangay 138,Manila,2.6,0.613,0.428,-0.0715,0.0,0.0,3.54,6.11,0.732,345.0
Barangay 139,Caloocan,8.4,3.008,1.528,-0.0572,0.0,0.0,5.05,23.85,0.6962,2159.2
Barangay 139,Pasay,1.2,9.047,0.998,0.5274,0.0,0.0,1.95,7.55,0.7344,747.4
Barangay 14,Pasay,2.6,3.178,3.386,0.4184,0.0,0.0,2.47,8.87,0.7334,313.3
Barangay 14,Caloocan,28.0,1.452,1.006,0.1471,0.0,0.0,1.62,6.54,0.7334,781.8
Barangay 140,Caloocan,5.8,5.353,2.676,0.3186,0.0,0.0,15.45,27.86,0.6203,1683.8
Barangay 140,Pasay,1.2,9.047,0.998,0.5274,0.0,0.0,2.11,7.71,0.7105,674.5
Barangay 140,Manila,1.7,0.859,0.35,0.1547,0.0,0.0,3.61,6.2,0.7084,220.8
Barangay 141,Caloocan,5.9,3.058,0.878,0.2065,0.0,0.0,8.49,27.18,0.7109,1936.1
Barangay 141,Pasay,1.7,5.825,2.186,0.2883,0.0,0.0,2.22,7.82,0.7435,583.5
Barangay 141,Manila,0.7,0.85,1.037,0.0643,0.0,0.0,3.37,6.06,0.6747,194.4
Barangay 142,Caloocan,2.7,0.083,0.0,0.0209,0.0,0.0,12.39,19.39,0.6575,1307.5
Barangay 142,Pasay,1.1,4.048,2.32,0.3557,0.0,0.0,2.16,7.76,0.7358,491.0
Barangay 142,Manila,1.6,0.046,1.782,-0.25,0.0,0.0,2.73,6.23,0.7241,306.4
Barangay 143,Caloocan,2.4,1.91,0.0,0.2221,0.0,0.0,13.17,21.62,0.6493,1462.9
Barangay 143,Pasay,6.2,7.406,5.302,0.2082,0.0,0.0,1.49,7.1,0.7255,710.8
Barangay 143,Manila,1.2,0.0,0.0,0.0636,0.0,0.0,1.43,5.7,0.7031,107.5
Barangay 144,Caloocan,3.1,2.193,0.639,0.1717,0.0,0.0,17.71,25.29,0.6652,1519.0
Barangay 144,Pasay,6.1,4.323,2.819,0.3519,0.0,0.0,0.84,7.56,0.7435,763.8
Barangay 145,Caloocan,3.0,0.0,0.0,0.0197,0.0,0.0,14.91,21.11,0.6264,1386.8
Barangay 145,Pasay,3.0,1.566,0.292,0.2575,0.0,0.0,3.12,8.09,0.7385,410.9
Barangay 145,Manila,1.7,0.0,0.0,0.0,0.0,0.0,1.44,5.64,0.7164,204.6
Barangay 146,Caloocan,2.5,0.485,0.198,-0.0341,0.0,0.0,21.72,27.94,0.6919,1612.1
Barangay 146,Pasay,5.6,5.915,5.064,0.4627,0.0,0.0,2.11,7.71,0.7338,533.2
Barangay 146,Manila,4.7,0.0,1.188,-0.169,0.0,0.0,1.66,5.95,0.6956,216.0
Barangay 147,Caloocan,3.6,2.076,0.21,0.1711,0.0,0.0,12.56,28.02,0.7237,1797.5
Barangay 147,Pasay,3.7,3.636,5.462,-0.0983,0.0,0.0,1.72,7.32,0.7416,438.1
Barangay 147,Manila,11.1,2.655,1.251,-0.1584,0.0,0.0,1.07,4.79,0.6045,85.5
Barangay 148,Caloocan,2.1,0.0,0.076,-0.0654,0.0,0.0,21.71,27.91,0.643,1564.2
Barangay 148,Pasay,9.1,7.3,4.024,0.3822,0.0,0.0,1.02,6.62,0.7288,240.1
Barangay 148,Manila,8.8,0.848,0.674,-0.0547,0.0,0.0,1.74,6.11,0.707,282.0
Barangay 149,Caloocan,4.8,0.055,0.71,0.0341,0.0,0.0,21.53,27.75,0.6058,1502.2
Barangay 149,Pasay,1.2,1.873,4.113,0.1241,0.0,0.0,1.29,6.89,0.7395,207.1
Barangay 149,Manila,6.3,0.519,0.0,0.1401,0.0,0.0,2.12,6.91,0.7036,269.8
Barangay 15,Pasay,3.3,6.058,7.434,0.4866,0.0,0.0,3.35,9.74,0.7342,218.0
Barangay 15,Caloocan,5.7,3.289,1.273,0.2863,0.0,0.0,7.73,16.09,0.7401,1374.0
Barangay 150,Caloocan,3.9,1.032,0.121,0.106,0.0,0.0,16.14,29.49,0.6462,1694.8
Barangay 150,Pasay,1.7,2.988,2.0,0.2122,0.0,0.0,1.48,7.08,0.73,375.1
Barangay 150,Manila,5.6,0.0,0.0,0.037,0.0,0.0,1.56,6.17,0.6394,129.7
Barangay 151,Caloocan,2.4,2.227,0.0,0.0991,0.0,0.0,8.24,27.04,0.7315,1897.7
Barangay 151,Pasay,2.4,2.96,2.042,0.2135,0.0,0.0,1.27,6.87,0.729,339.5
Barangay 151,Manila,2.4,0.472,0.379,-0.1745,0.0,0.0,1.53,5.83,0.5977,180.3
Barangay 152,Caloocan,3.1,1.218,1.286,0.0643,0.0,0.0,15.95,29.37,0.6586,1698.7
Barangay 152,Pasay,4.3,3.078,3.137,0.1165,0.0,0.0,1.21,6.81,0.7308,423.3
Barangay 152,Manila,2.4,2.789,0.0,0.1265,0.0,0.0,0.1,5.68,0.7239,631.9
Barangay 153,Caloocan,3.0,1.098,0.392,0.1652,0.0,0.0,9.77,28.57,0.6683,1825.6
Barangay 153,Pasay,1.8,1.144,2.756,-0.1212,0.0,0.0,1.08,6.68,0.7488,247.4
Barangay 153,Manila,2.2,2.305,0.0,0.2254,0.0,0.0,0.71,6.16,0.7278,512.8
Barangay 154,Caloocan,3.5,2.884,0.482,0.0896,0.0,0.0,8.51,27.31,0.7128,1959.3
Barangay 154,Pasay,0.4,0.0,3.389,-0.4071,0.0,0.0,1.35,6.95,0.7346,209.7
Barangay 154,Manila,4.5,2.382,1.859,0.1881,0.0,0.0,1.12,6.13,0.6162,351.3
Barangay 155,Caloocan,3.3,1.761,1.017,0.0805,0.0,0.0,12.97,28.8,0.6701,1895.8
Barangay 155,Pasay,1.7,2.622,4.403,0.3366,0.0,0.0,0.55,6.15,0.7488,118.5
Barangay 155,Manila,1.9,2.165,0.172,-0.0186,0.0,0.0,0.16,5.54,0.7124,589.6
Barangay 156,Caloocan,2.7,6.08,3.238,-0.1092,0.0,0.0,9.16,29.38,0.6778,2093.9
Barangay 156,Manila,1.6,3.565,3.153,0.0598,0.0,0.0,0.57,5.87,0.6735,478.5
Barangay 157,Pasay,2.2,3.517,1.549,0.4727,0.0,0.0,0.29,5.89,0.7419,205.6
Barangay 157,Caloocan,3.2,4.965,3.002,-0.0779,0.0,0.0,13.24,30.85,0.6937,2053.4
Barangay 157,Manila,1.9,2.451,3.462,-0.4894,0.0,0.0,0.61,5.91,0.6876,569.7
Barangay 158,Pasay,1.7,6.187,2.358,0.5186,0.0,0.0,1.24,6.84,0.7292,445.7
Barangay 158,Caloocan,27.5,8.138,4.783,0.2164,0.0,0.0,8.31,29.17,0.5973,2269.4
Barangay 158,Manila,2.4,0.693,0.0,0.1167,0.0,0.0,0.7,6.0,0.7147,398.6
Barangay 159,Pasay,3.1,4.172,1.877,0.4137,0.0,0.0,1.27,7.85,0.746,654.2
Barangay 159,Caloocan,54.2,5.668,3.997,-0.072,0.0,0.0,9.27,29.33,0.7387,2940.4
Barangay 159,Manila,1.9,1.497,0.252,-0.096,0.0,0.0,0.22,5.52,0.689,521.2
Barangay 16,Pasay,1.6,1.309,0.58,0.3002,0.0,0.0,0.8,7.2,0.7276,389.0
Barangay 16,Caloocan,6.2,1.785,1.045,0.2879,0.0,0.0,3.56,8.36,0.738,1077.2
Barangay 160,Pasay,1.7,4.832,1.853,0.3768,0.0,0.0,2.16,8.49,0.75,564.5
Barangay 160,Manila,1.3,1.643,0.214,-0.0638,0.0,0.0,0.11,5.41,0.7177,498.6
Barangay 161,Pasay,5.9,5.717,1.196,0.5388,0.0,0.0,2.41,8.09,0.7359,422.7
Barangay 162,Pasay,3.1,3.909,1.731,0.3272,0.0,0.0,1.77,7.37,0.7392,265.5
Barangay 162,Caloocan,49.8,7.901,7.487,-0.3626,0.0,0.0,9.15,21.07,0.7037,2925.7
Barangay 163,Pasay,1.8,3.641,1.397,0.2089,0.0,0.0,1.64,7.24,0.7409,209.1
Barangay 163,Caloocan,28.8,7.963,3.793,0.2574,0.0,0.0,7.66,22.33,0.7093,3777.5
Barangay 163,Manila,5.0,1.929,0.324,0.2485,0.0,0.0,0.8,6.37,0.7218,660.5
Barangay 164,Pasay,1.8,3.525,0.82,0.2234,0.0,0.0,1.65,7.25,0.7522,171.0
Barangay 164,Caloocan,55.9,7.034,5.982,0.1444,0.0,0.0,6.16,22.65,0.7266,4275.5
Barangay 164,Manila,2.0,3.459,0.616,0.4103,0.0,0.0,0.73,6.33,0.7161,682.3
Barangay 165,Pasay,6.0,2.791,0.548,0.3932,0.0,0.0,1.17,6.77,0.6492,91.7
Barangay 165,Manila,2.5,9.003,2.742,0.9303,0.0,0.0,1.08,6.68,0.7056,633.9
Barangay 166,Pasay,2.2,1.685,0.831,0.1974,0.0,0.0,2.08,8.47,0.7466,588.8
Barangay 166,Manila,3.5,0.442,0.856,-0.016,0.0,0.0,2.12,7.07,0.6973,485.5
Barangay 167,Pasay,1.3,3.534,2.911,-0.0383,0.0,0.0,2.69,8.29,0.7498,342.0
Barangay 167,Manila,2.9,2.02,1.825,0.232,0.0,0.0,2.4,6.73,0.7015,454.0
Barangay 168,Pasay,2.0,2.309,2.91,0.0083,0.0,0.0,1.92,7.52,0.7412,291.1
Barangay 168,Manila,3.0,0.0,0.061,0.1076,0.0,0.0,2.66,6.84,0.7288,349.1
Barangay 169,Pasay,3.7,2.845,2.381,0.3473,0.0,0.0,1.46,8.71,0.7402,818.1
Barangay 169,Manila,2.6,0.127,0.95,-0.3939,0.0,0.0,2.12,6.33,0.736,275.3
Barangay 17,Pasay,1.0,4.843,9.471,-0.2987,0.0,0.0,2.12,8.52,0.7194,300.5
Barangay 17,Caloocan,4.8,2.917,1.528,-0.0459,0.0,0.0,1.9,13.6,0.7377,1360.5
Barangay 170,Pasay,1.2,1.829,2.415,0.2194,0.0,0.0,1.54,8.8,0.753,790.7
Barangay 170,Caloocan,45.4,11.354,8.303,0.1705,0.0,0.0,10.04,61.4,0.7295,4535.5
Barangay 170,Manila,1.9,0.289,0.0,0.1541,0.0,0.0,2.58,6.63,0.7336,227.2
Barangay 171,Pasay,2.8,1.176,3.892,-0.2519,0.0,0.0,1.54,8.63,0.7454,747.4
Barangay 171,Manila,3.9,0.003,0.023,-0.0102,0.0,0.0,3.14,6.11,0.7313,199.4
Barangay 172,Pasay,4.9,2.675,2.982,-0.0199,0.0,0.0,1.91,8.55,0.7515,659.9
Barangay 172,Caloocan,137.9,5.724,7.438,-0.0729,0.0,0.0,6.97,61.06,0.7139,4192.7
Barangay 172,Manila,5.2,0.318,0.0,0.1455,0.0,0.0,0.79,5.37,0.7085,94.3
Barangay 173,Pasay,3.0,7.06,4.294,0.2107,0.0,0.0,1.93,8.48,0.7436,622.4
Barangay 174,Pasay,2.2,6.69,4.079,0.1878,0.0,0.0,2.22,8.44,0.7421,587.8
Barangay 174,Caloocan,91.9,8.79,12.358,-0.3621,0.0,0.0,20.26,71.52,0.7269,4336.6
Barangay 175,Pasay,2.2,4.708,3.035,0.1558,0.0,0.0,2.7,8.34,0.7476,479.7
Barangay 175,Manila,4.1,2.597,0.0,0.5856,0.0,0.0,0.49,5.19,0.5845,84.1
Barangay 176,Pasay,1.7,10.979,9.352,0.6292,0.0,0.0,1.79,7.9,0.7369,653.9
Barangay 176,Manila,4.2,1.669,0.071,0.3159,0.0,0.0,2.01,6.7,0.7306,238.7
Barangay 176-A,Caloocan,109.0,6.937,6.519,0.0275,0.0,0.0,16.95,62.8,0.7348,5804.1
Barangay 176-B,Caloocan,76.7,6.341,7.704,-0.0266,0.0,0.0,16.26,68.73,0.7307,5044.7
Barangay 176-C,Caloocan,72.9,6.114,7.257,0.0477,0.0,0.0,10.93,62.51,0.7178,5158.4
Barangay 176-D,Caloocan,76.2,5.057,4.788,0.1607,0.0,0.0,15.66,63.01,0.7299,5643.8
Barangay 176-E,Caloocan,77.3,8.007,8.495,-0.1518,0.0,0.0,11.54,51.79,0.7309,5764.6
Barangay 177,Pasay,6.1,4.016,5.308,0.3519,0.0,0.0,1.59,7.37,0.7409,501.6
Barangay 177,Caloocan,196.3,8.503,10.738,-0.0417,0.0,0.0,8.14,72.95,0.694,3342.1
Barangay 178,Pasay,4.2,2.769,3.431,0.1219,0.0,0.0,1.83,7.3,0.7408,231.0
Barangay 178,Caloocan,352.3,7.93,10.458,-0.09,0.0,0.0,11.32,84.12,0.7023,2590.9
Barangay 179,Pasay,4.4,1.373,0.878,0.3267,0.0,0.0,1.52,7.05,0.7453,327.7
Barangay 18,Pasay,3.7,1.403,3.015,-0.0608,0.0,0.0,0.88,7.28,0.7283,482.5
Barangay 18,Caloocan,11.1,2.589,0.611,0.47,0.0,0.0,3.3,8.13,0.7343,1049.5
Barangay 180,Makati,1.0,6.903,5.314,0.6665,0.0,0.0,0.79,6.67,0.7417,637.2
Barangay 181,Pasay,1.6,2.304,1.301,0.6473,0.0,0.0,1.48,7.08,0.7406,575.9
Barangay 182,Pasay,4.0,2.088,0.844,0.5537,0.0,0.0,1.82,7.42,0.7398,475.8
Barangay 184,Pasay,14.2,2.09,2.128,0.1419,0.0,0.0,2.73,8.67,0.7199,296.8
Barangay 185,Pasay,4.8,5.352,0.371,0.7619,0.0,0.0,4.37,10.04,0.7371,406.8
Barangay 187,Pasay,1.9,5.398,1.423,0.5437,0.0,0.0,1.88,7.48,0.7432,393.1
Barangay 188,Pasay,1.0,2.05,0.902,0.5429,0.0,0.0,2.33,7.91,0.7466,434.6
Barangay 189,Pasay,4.4,4.968,4.171,0.1647,0.0,0.0,1.01,6.46,0.7329,224.3
Barangay 19,Pasay,1.0,3.717,10.442,-0.5806,0.0,0.0,2.83,9.23,0.73,430.5
Barangay 19,Caloocan,4.7,3.567,2.56,-0.0082,0.0,0.0,1.5,11.08,0.7376,1151.3
Barangay 190,Pasay,26.9,3.532,6.231,-0.1556,0.0,0.0,0.89,6.04,0.7066,192.4
Barangay 192,Pasay,8.9,5.229,3.196,0.3212,0.0,0.0,1.3,7.27,0.7267,427.0
Barangay 193,Pasay,5.8,7.253,5.69,0.5036,0.0,0.0,1.7,7.79,0.7231,499.7
Barangay 194,Pasay,5.7,8.272,6.173,0.4963,0.0,0.0,1.68,7.79,0.7151,571.5
Barangay 195,Pasay,2.4,4.395,6.435,-0.1725,0.0,0.0,2.0,8.84,0.7145,519.7
Barangay 196,Pasay,2.0,4.771,5.629,0.5642,0.0,0.0,0.6,7.26,0.7386,652.5
Barangay 199,Pasay,2.6,5.694,2.566,0.3322,0.0,0.0,0.68,6.78,0.7018,438.7
Barangay 2,Pasay,2.2,4.853,0.914,0.7378,0.0,0.0,3.13,7.61,0.7026,295.5
Barangay 2,Caloocan,4.9,4.479,4.337,-0.1819,0.0,0.0,1.91,10.38,0.6679,1295.0
Barangay 20,Pasay,3.5,2.594,4.015,-0.0922,0.0,0.0,1.76,8.16,0.7377,612.9
Barangay 20,Caloocan,18.6,1.007,0.453,0.2553,0.0,0.0,2.23,7.09,0.7299,802.5
Barangay 200,Pasay,1.0,5.611,3.7,0.1444,0.0,0.0,1.43,7.53,0.6618,351.3
Barangay 201,Pasay,36.4,7.839,6.569,0.1535,0.0,0.0,2.53,17.0,0.7047,552.5
Barangay 21,Pasay,1.8,4.069,3.576,0.2793,0.0,0.0,2.22,8.62,0.7245,682.2
Barangay 21,Caloocan,4.8,1.368,1.014,0.0951,0.0,0.0,1.53,9.72,0.7394,954.8
Barangay 22,Pasay,0.9,5.864,3.718,0.6542,0.0,0.0,1.42,7.82,0.7345,576.3
Barangay 22,Caloocan,28.6,0.98,1.052,0.0727,0.0,0.0,1.78,6.58,0.7287,601.8
Barangay 23,Pasay,4.3,6.519,4.485,0.5074,0.0,0.0,2.53,8.93,0.7147,726.2
Barangay 23,Caloocan,3.8,0.128,0.063,0.0791,0.0,0.0,1.9,7.29,0.7414,798.4
Barangay 24,Pasay,2.9,6.84,4.404,0.5271,0.0,0.0,2.61,9.17,0.7321,697.5
Barangay 24,Caloocan,3.7,0.024,0.0,-0.0124,0.0,0.0,1.07,6.07,0.7389,729.3
Barangay 25,Pasay,3.1,5.439,1.387,0.9099,0.0,0.0,1.75,8.48,0.7194,681.3
Barangay 25,Caloocan,2.9,3.596,1.768,0.019,0.0,0.0,2.37,9.22,0.7403,779.1
Barangay 26,Pasay,1.9,6.163,5.471,0.3451,0.0,0.0,2.03,8.45,0.7375,561.4
Barangay 26,Caloocan,3.9,1.127,0.374,0.1142,0.0,0.0,2.84,7.41,0.7462,595.2
Barangay 27,Pasay,3.1,2.903,6.238,0.019,0.0,0.0,2.76,9.17,0.7157,436.2
Barangay 27,Caloocan,5.4,0.475,0.0,0.1256,0.0,0.0,1.97,6.42,0.7382,537.2
Barangay 28,Pasay,2.1,5.562,3.152,0.5421,0.0,0.0,1.49,8.78,0.7335,821.7
Barangay 28,Caloocan,55.6,1.033,0.859,0.0343,0.0,0.0,0.93,5.43,0.7005,349.7
Barangay 29,Pasay,2.5,5.594,1.347,0.8509,0.0,0.0,1.17,8.42,0.7393,706.8
Barangay 29,Caloocan,4.8,1.952,1.082,-0.1545,0.0,0.0,1.65,7.74,0.7425,627.0
Barangay 3,Pasay,2.0,4.76,1.175,0.695,0.0,0.0,4.04,7.32,0.7079,364.6
Barangay 3,Caloocan,3.7,1.773,2.295,0.0161,0.0,0.0,4.61,11.45,0.7372,1292.7
Barangay 30,Pasay,1.4,5.669,6.059,0.1395,0.0,0.0,1.58,8.6,0.7431,635.6
Barangay 30,Caloocan,7.9,3.017,0.175,0.4263,0.0,0.0,1.91,6.24,0.7383,375.4
Barangay 31,Pasay,2.9,4.624,5.16,0.1411,0.0,0.0,2.42,9.27,0.7363,579.7
Barangay 31,Caloocan,3.7,3.396,0.688,0.3455,0.0,0.0,1.47,5.67,0.7354,400.5
Barangay 313,Manila,5.5,1.883,2.511,-0.1425,0.0,0.0,4.2,10.95,0.7122,707.0
Barangay 314,Manila,5.3,1.507,2.316,-0.1228,0.0,0.0,2.78,9.58,0.728,605.8
Barangay 315,Manila,4.6,1.71,2.706,-0.052,0.0,0.0,1.68,7.98,0.734,708.9
Barangay 316,Manila,4.1,0.507,0.159,0.0598,0.0,0.0,0.91,7.21,0.7468,524.9
Barangay 317,Manila,2.8,0.384,1.455,-0.2406,0.0,0.0,1.65,7.95,0.7278,662.9
Barangay 318,Manila,1.3,1.108,1.419,0.0704,0.0,0.0,2.05,8.35,0.7299,606.3
Barangay 319,Manila,1.6,1.231,1.431,0.1123,0.0,0.0,1.97,8.27,0.7257,711.0
Barangay 32,Pasay,1.7,0.0,0.96,-0.0395,0.0,0.0,2.44,9.23,0.7418,541.7
Barangay 32,Caloocan,3.4,2.969,1.434,0.1737,0.0,0.0,0.32,4.93,0.7306,501.8
Barangay 320,Manila,2.2,0.0,0.262,-0.037,0.0,0.0,2.78,9.08,0.7439,459.2
Barangay 321,Manila,1.5,0.091,0.0,0.0091,0.0,0.0,2.85,9.15,0.7498,411.4
Barangay 322,Manila,1.6,0.394,0.394,0.0215,0.0,0.0,1.43,7.73,0.755,508.4
Barangay 323,Manila,2.2,0.844,1.504,-0.1009,0.0,0.0,1.4,7.7,0.7367,682.5
Barangay 324,Manila,1.4,0.298,1.464,-0.1198,0.0,0.0,2.26,8.56,0.7346,530.0
Barangay 325,Manila,1.0,0.367,1.533,-0.0746,0.0,0.0,3.01,9.31,0.7448,436.3
Barangay 329,Manila,1.8,1.257,1.787,0.0052,0.0,0.0,3.38,10.45,0.7465,431.6
Barangay 33,Caloocan,5.7,1.628,0.734,0.2285,0.0,0.0,0.5,4.7,0.7376,355.0
Barangay 330,Manila,2.5,1.101,1.848,-0.0398,0.0,0.0,2.03,9.33,0.7337,416.6
Barangay 335,Manila,2.7,0.97,1.029,0.0398,0.0,0.0,3.44,9.8,0.739,483.2
Barangay 336,Manila,3.6,1.68,0.095,0.245,0.0,0.0,2.06,8.36,0.7056,732.0
Barangay 337,Manila,2.7,1.199,0.685,0.1267,0.0,0.0,2.06,8.36,0.7267,624.7
Barangay 338,Manila,3.2,2.479,0.758,0.2424,0.0,0.0,1.94,8.24,0.7273,790.3
Barangay 339,Manila,2.9,0.667,2.681,-0.1418,0.0,0.0,2.51,8.81,0.7402,541.6
Barangay 34,Caloocan,5.7,1.128,0.092,0.1461,0.0,0.0,1.18,5.38,0.7265,155.2
Barangay 340,Manila,2.8,1.12,1.248,0.0105,0.0,0.0,2.07,8.37,0.7343,724.5
Barangay 341,Manila,3.2,3.345,0.656,0.3835,0.0,0.0,1.29,7.59,0.6982,875.3
Barangay 342,Manila,6.0,4.637,0.677,0.2434,0.0,0.0,1.56,7.86,0.7317,924.1
Barangay 35,Pasay,2.8,7.687,8.116,0.221,0.0,0.0,1.55,7.95,0.7133,617.2
Barangay 35,Caloocan,4.6,5.036,0.601,0.4812,0.0,0.0,1.14,5.34,0.7288,222.7
Barangay 36,Caloocan,5.0,2.302,2.479,-0.051,0.0,0.0,3.41,8.0,0.7245,637.1
Barangay 37,Pasay,5.1,6.109,10.49,-0.4537,0.0,0.0,1.61,8.28,0.7232,787.7
Barangay 37,Caloocan,5.4,0.506,0.914,-0.0941,0.0,0.0,2.07,7.02,0.7201,686.2
Barangay 38,Caloocan,4.1,0.263,0.064,0.0379,0.0,0.0,4.26,9.58,0.7307,832.1
Barangay 39,Caloocan,1.7,6.771,4.582,0.2005,0.0,0.0,1.11,11.99,0.7448,1110.7
Barangay 4,Pasay,2.7,8.613,8.101,0.2773,0.0,0.0,1.35,6.95,0.7054,446.1
Barangay 4,Caloocan,6.2,2.723,1.115,0.0045,0.0,0.0,1.39,7.33,0.6973,1052.8
Barangay 40,Pasay,5.3,2.801,2.266,0.3062,0.0,0.0,2.42,9.65,0.7396,755.6
Barangay 40,Caloocan,1.9,2.28,1.315,0.3398,0.0,0.0,3.73,13.78,0.7458,1139.2
Barangay 41,Pasay,3.7,6.579,4.323,0.5628,0.0,0.0,1.18,8.38,0.7385,377.9
Barangay 41,Caloocan,3.7,0.689,0.0,0.4236,0.0,0.0,6.46,15.55,0.7475,1179.0
Barangay 42,Pasay,2.4,6.201,3.925,0.655,0.0,0.0,0.95,7.48,0.733,439.8
Barangay 42,Caloocan,3.1,2.468,0.0,0.5017,0.0,0.0,7.63,12.66,0.7337,984.5
Barangay 43,Pasay,1.7,6.114,3.551,0.5834,0.0,0.0,0.68,6.48,0.7386,509.0
Barangay 44,Caloocan,3.5,0.683,0.83,0.0233,0.0,0.0,7.14,13.93,0.7368,1025.6
Barangay 45,Pasay,3.0,2.75,5.023,0.0508,0.0,0.0,2.1,7.81,0.7114,650.1
Barangay 45,Caloocan,3.7,1.132,0.0,0.3968,0.0,0.0,7.99,16.58,0.7098,1236.5
Barangay 46,Pasay,3.8,5.293,3.832,0.4065,0.0,0.0,0.84,6.44,0.7334,790.1
Barangay 46,Caloocan,3.9,2.788,1.883,-0.0853,0.0,0.0,1.62,9.96,0.7267,921.2
Barangay 462,Manila,2.4,3.561,3.191,0.1065,0.0,0.0,2.37,8.67,0.7381,1063.3
Barangay 463,Manila,1.4,1.809,2.984,-0.212,0.0,0.0,1.16,7.46,0.7362,922.5
Barangay 464,Manila,2.4,3.163,2.982,-0.1439,0.0,0.0,1.86,8.16,0.7341,957.8
Barangay 465,Manila,1.3,4.381,2.807,0.1564,0.0,0.0,1.1,7.4,0.735,983.5
Barangay 466,Manila,2.1,7.356,3.05,0.4709,0.0,0.0,2.23,8.53,0.7329,842.8
Barangay 467,Manila,1.2,1.861,2.686,-0.1312,0.0,0.0,1.26,7.56,0.7404,949.7
Barangay 468,Manila,1.3,3.96,3.073,-0.0223,0.0,0.0,2.53,8.85,0.738,1105.4
Barangay 469,Manila,1.2,9.603,4.656,0.1901,0.0,0.0,2.24,8.56,0.7202,1135.5
Barangay 47,Pasay,5.2,2.612,6.831,0.1927,0.0,0.0,1.93,8.19,0.732,833.4
Barangay 47,Caloocan,3.5,1.39,0.498,0.1123,0.0,0.0,7.34,15.09,0.7429,1110.8
Barangay 470,Manila,27.3,8.603,6.042,0.3101,0.0,0.0,1.56,7.86,0.591,1128.2
Barangay 471,Manila,3.6,4.39,2.855,0.4038,0.0,0.0,1.88,8.18,0.7307,853.5
Barangay 48,Pasay,2.1,3.261,4.595,0.3113,0.0,0.0,2.33,7.93,0.7303,893.7
Barangay 48,Caloocan,3.7,1.464,0.842,0.1985,0.0,0.0,9.86,17.89,0.7034,1307.7
Barangay 487,Manila,2.2,3.164,0.371,0.326,0.0,0.0,0.15,6.45,0.7407,890.9
Barangay 49,Caloocan,6.2,2.003,0.606,0.2184,0.0,0.0,1.34,10.49,0.681,1068.1
Barangay 5,Pasay,2.1,9.995,10.506,0.1277,0.0,0.0,0.33,6.71,0.6785,506.7
Barangay 5,Caloocan,6.4,4.38,3.216,0.0629,0.0,0.0,9.16,14.39,0.705,1418.6
Barangay 50,Pasay,0.8,2.677,4.585,-0.0902,0.0,0.0,1.73,7.69,0.7351,1058.4
Barangay 50,Caloocan,3.0,2.181,0.0,-0.0054,0.0,0.0,3.18,12.33,0.7384,1107.2
Barangay 51,Pasay,2.5,2.536,4.737,-0.1171,0.0,0.0,0.6,7.14,0.7335,1163.0
Barangay 51,Caloocan,5.8,1.994,1.407,0.0339,0.0,0.0,8.68,17.69,0.7325,1329.2
Barangay 52,Pasay,3.1,3.992,5.176,0.0881,0.0,0.0,0.45,7.7,0.7332,1112.3
Barangay 52,Caloocan,2.4,2.822,1.291,0.2156,0.0,0.0,3.53,12.69,0.7059,1251.6
Barangay 53,Pasay,1.0,2.363,4.837,-0.2603,0.0,0.0,0.13,7.63,0.7358,1186.6
Barangay 53,Caloocan,5.6,1.385,0.0,-0.0997,0.0,0.0,5.18,14.8,0.7019,1256.8
Barangay 54,Pasay,1.6,2.097,4.548,-0.0583,0.0,0.0,1.3,7.68,0.7294,1279.4
Barangay 54,Caloocan,7.8,0.075,0.398,-0.2383,0.0,0.0,6.69,17.98,0.7251,1517.0
Barangay 55,Pasay,2.1,5.397,3.894,0.4048,0.0,0.0,0.56,7.96,0.7386,1113.3
Barangay 55,Caloocan,7.1,0.56,0.327,-0.1602,0.0,0.0,7.74,17.18,0.7336,1397.0
Barangay 555,Manila,1.9,3.63,0.815,0.1757,0.0,0.0,5.8,11.58,0.7461,1143.2
Barangay 556,Manila,1.4,3.241,0.735,0.0754,0.0,0.0,5.21,10.7,0.7455,1149.4
Barangay 557,Manila,1.3,2.896,0.658,-0.0194,0.0,0.0,4.7,10.1,0.7504,1156.6
Barangay 558,Manila,1.5,2.629,0.583,-0.0571,0.0,0.0,4.06,9.46,0.747,1157.7
Barangay 559,Manila,1.3,2.347,0.414,-0.0008,0.0,0.0,3.62,9.02,0.7442,1160.0
Barangay 56,Pasay,1.8,4.058,1.798,0.3002,0.0,0.0,2.15,8.13,0.7127,1235.6
Barangay 56,Caloocan,3.7,2.274,1.323,0.0288,0.0,0.0,1.47,13.05,0.728,1373.9
Barangay 560,Manila,1.5,2.302,0.417,-0.0959,0.0,0.0,2.59,10.19,0.7522,1114.4
Barangay 561,Manila,2.1,2.331,0.5,0.0601,0.0,0.0,3.63,9.03,0.75,1156.5
Barangay 562,Manila,2.3,2.09,0.581,0.105,0.0,0.0,3.61,9.17,0.7443,1151.4
Barangay 563,Manila,1.4,1.153,0.119,0.094,0.0,0.0,3.51,9.05,0.7429,1141.5
Barangay 564,Manila,1.6,0.745,0.169,0.0626,0.0,0.0,3.5,8.91,0.7432,1132.1
Barangay 565,Manila,3.0,0.385,0.173,0.0506,0.0,0.0,2.59,8.48,0.7407,1082.2
Barangay 566,Manila,2.7,2.161,0.59,0.2181,0.0,0.0,1.13,8.6,0.746,1106.6
Barangay 567,Manila,4.0,0.0,0.133,-0.0223,0.0,0.0,2.95,8.61,0.743,1046.3
Barangay 568,Manila,2.3,3.06,0.529,-0.1265,0.0,0.0,2.93,9.84,0.7464,1191.4
Barangay 57,Pasay,1.4,2.175,1.314,0.4419,0.0,0.0,1.97,7.57,0.7328,1246.5
Barangay 57,Caloocan,4.5,0.0,0.433,0.0083,0.0,0.0,2.85,15.01,0.749,1497.7
Barangay 58,Pasay,4.4,3.867,2.997,0.364,0.0,0.0,1.01,8.24,0.7362,1058.6
Barangay 58,Caloocan,5.5,0.0,2.296,-0.5602,0.0,0.0,5.3,18.29,0.7275,1680.8
Barangay 59,Pasay,3.7,1.147,2.575,0.1834,0.0,0.0,2.13,8.68,0.7385,1017.8
Barangay 59,Caloocan,4.6,3.085,1.799,0.2744,0.0,0.0,0.44,13.08,0.7265,1511.8
Barangay 6,Pasay,1.7,7.973,9.35,-0.0489,0.0,0.0,0.65,6.97,0.7019,545.6
Barangay 6,Caloocan,2.8,1.095,0.896,-0.0118,0.0,0.0,3.16,8.16,0.6859,1167.5
Barangay 60,Pasay,3.2,1.649,3.098,0.1212,0.0,0.0,3.11,8.72,0.7328,1191.7
Barangay 60,Caloocan,4.4,1.392,0.683,0.369,0.0,0.0,1.4,14.63,0.744,1665.7
Barangay 61,Pasay,0.8,1.623,1.173,0.4833,0.0,0.0,1.95,7.55,0.734,1239.2
Barangay 61,Caloocan,7.1,0.79,0.456,0.0341,0.0,0.0,3.61,17.33,0.7436,1757.1
Barangay 62,Pasay,2.4,1.319,1.095,0.5062,0.0,0.0,1.63,7.23,0.7389,1154.3
Barangay 62,Caloocan,7.0,1.659,0.059,0.2493,0.0,0.0,2.72,17.25,0.7258,1885.2
Barangay 63,Pasay,1.0,1.987,1.851,0.4158,0.0,0.0,2.19,7.79,0.7399,1186.7
Barangay 63,Caloocan,5.1,3.084,1.398,0.2599,0.0,0.0,2.01,14.45,0.7342,1650.7
Barangay 64,Pasay,1.1,3.156,3.174,0.2578,0.0,0.0,2.35,7.95,0.7376,1170.5
Barangay 64,Caloocan,2.5,5.588,2.957,0.1463,0.0,0.0,2.25,14.65,0.7079,1683.8
Barangay 65,Pasay,2.9,2.343,1.689,0.6893,0.0,0.0,1.36,6.96,0.7405,1022.6
Barangay 65,Caloocan,2.4,3.281,0.0,0.1042,0.0,0.0,3.83,16.28,0.7415,1799.7
Barangay 655,Manila,20.4,6.357,4.182,0.1127,0.0,0.0,8.64,10.52,0.6474,426.7
Barangay 66,Pasay,2.9,3.734,2.56,0.3426,0.0,0.0,2.13,7.73,0.7349,1088.1
Barangay 66,Caloocan,4.1,3.067,2.743,0.128,0.0,0.0,0.84,15.83,0.7425,1867.7
Barangay 663-A,Manila,9.2,9.577,7.112,0.0815,0.0,0.0,0.47,0.47,0.2868,18.3
Barangay 667,Manila,20.7,8.12,4.034,0.4615,0.0,0.0,7.32,8.0,0.6362,120.8
Barangay 668,Manila,14.4,4.944,1.698,0.4076,0.0,0.0,9.49,9.79,0.6884,126.0
Barangay 669,Manila,24.4,4.022,4.387,-0.0834,0.0,0.0,7.42,11.91,0.6899,290.8
Barangay 67,Pasay,2.7,3.144,1.174,0.777,0.0,0.0,1.02,6.62,0.7311,870.9
Barangay 67,Caloocan,5.2,3.44,0.153,0.4437,0.0,0.0,1.53,16.82,0.7462,1935.5
Barangay 670,Manila,13.9,5.884,3.152,0.366,0.0,0.0,6.92,10.96,0.6708,236.8
Barangay 675,Manila,8.7,3.069,4.044,0.1633,0.0,0.0,1.57,8.22,0.7391,759.9
Barangay 676,Manila,15.2,4.501,6.196,0.0934,0.0,0.0,2.18,8.59,0.7181,555.6
Barangay 68,Pasay,1.5,0.544,3.395,0.1689,0.0,0.0,1.98,8.77,0.7236,425.3
Barangay 68,Caloocan,5.9,4.923,0.0,0.5771,0.0,0.0,3.42,18.55,0.7366,1980.1
Barangay 685,Manila,9.8,2.933,1.74,0.3531,0.0,0.0,0.83,7.39,0.737,1065.7
Barangay 687,Manila,3.6,4.434,3.77,0.4597,0.0,0.0,0.68,7.48,0.7361,1024.6
Barangay 688,Manila,4.8,7.83,2.699,0.4877,0.0,0.0,1.08,7.76,0.721,962.6
Barangay 689,Manila,2.5,6.437,2.519,0.3642,0.0,0.0,1.18,7.72,0.7399,888.0
Barangay 69,Pasay,1.2,0.0,0.96,-0.0395,0.0,0.0,1.77,8.57,0.739,571.4
Barangay 69,Caloocan,3.0,0.164,0.669,0.022,0.0,0.0,1.58,16.61,0.7449,1858.3
Barangay 690,Manila,1.2,4.645,1.952,0.4672,0.0,0.0,1.16,7.66,0.7397,924.7
Barangay 691,Manila,1.5,3.004,1.161,0.2848,0.0,0.0,0.79,7.29,0.7401,769.9
Barangay 692,Manila,4.3,1.271,3.377,-0.0879,0.0,0.0,1.15,7.65,0.7345,719.3
Barangay 693,Manila,2.8,2.85,2.28,0.35,0.0,0.0,1.58,8.08,0.7297,855.5
Barangay 694,Manila,7.5,2.392,2.945,0.1635,0.0,0.0,3.48,9.25,0.7307,807.0
Barangay 695,Manila,4.6,2.891,0.933,0.4921,0.0,0.0,1.15,7.95,0.7239,985.4
Barangay 696,Manila,8.3,4.085,5.718,-0.0233,0.0,0.0,6.88,8.45,0.7195,646.7
Barangay 697,Manila,8.7,3.962,5.14,0.1696,0.0,0.0,8.42,9.56,0.7323,482.8
Barangay 698,Manila,8.3,3.04,2.632,0.1048,0.0,0.0,10.19,10.31,0.7354,329.4
Barangay 699,Manila,21.3,2.871,4.371,-0.0356,0.0,0.0,9.58,9.58,0.6477,134.2
Barangay 7,Pasay,2.9,7.032,5.029,0.278,0.0,0.0,1.83,7.75,0.715,506.8
Barangay 7,Caloocan,3.2,0.452,0.421,-0.0181,0.0,0.0,4.25,9.25,0.6776,1173.9
Barangay 70,Pasay,6.6,1.052,4.5,0.2175,0.0,0.0,1.82,8.55,0.7164,513.6
Barangay 70,Caloocan,6.0,0.363,0.911,0.0055,0.0,0.0,1.11,16.67,0.7477,1807.6
Barangay 700,Manila,3.9,4.067,3.956,0.3354,0.0,0.0,7.1,7.13,0.6882,141.9
Barangay 701,Manila,19.6,7.145,4.824,0.3895,0.0,0.0,4.91,7.55,0.655,179.1
Barangay 702,Manila,4.4,4.687,3.162,0.0046,0.0,0.0,3.78,8.04,0.7325,422.3
Barangay 703,Manila,5.7,5.438,10.321,-0.7625,0.0,0.0,2.34,8.65,0.7081,659.4
Barangay 706,Manila,3.8,5.315,8.173,-0.5384,0.0,0.0,2.16,8.37,0.7222,569.1
Barangay 71,Pasay,1.3,0.05,1.757,-0.0083,0.0,0.0,0.87,7.67,0.7474,595.3
Barangay 71,Caloocan,4.0,3.792,0.0,0.3136,0.0,0.0,3.88,19.74,0.728,1814.0
Barangay 72,Pasay,1.9,3.236,3.777,0.2535,0.0,0.0,0.37,7.17,0.7322,665.7
Barangay 72,Caloocan,4.4,2.664,0.839,0.0931,0.0,0.0,4.13,20.14,0.6667,1722.8
Barangay 722,Manila,2.8,4.811,3.14,0.1797,0.0,0.0,0.52,7.02,0.7361,685.9
Barangay 723,Manila,2.0,2.185,5.657,-0.0896,0.0,0.0,0.88,7.38,0.7403,603.1
Barangay 724,Manila,8.4,1.739,4.231,0.2412,0.0,0.0,1.73,8.23,0.7321,423.2
Barangay 725,Manila,5.6,2.589,2.668,0.0934,0.0,0.0,2.61,9.04,0.723,283.1
Barangay 726,Manila,4.2,4.289,5.099,0.023,0.0,0.0,2.93,9.01,0.7478,231.5
Barangay 727,Manila,5.8,1.306,5.584,-0.459,0.0,0.0,3.19,9.08,0.7316,165.7
Barangay 728,Manila,7.4,7.242,7.55,0.0568,0.0,0.0,2.8,8.62,0.6863,228.4
Barangay 729,Manila,3.1,5.116,0.405,0.0213,0.0,0.0,1.98,8.47,0.7179,194.1
Barangay 73,Pasay,6.6,5.982,9.212,0.0578,0.0,0.0,2.44,8.71,0.6865,637.1
Barangay 73,Caloocan,13.0,3.026,2.142,0.0314,0.0,0.0,7.84,17.61,0.6986,1709.3
Barangay 730,Manila,4.8,5.918,4.014,0.215,0.0,0.0,1.33,7.43,0.7276,331.5
Barangay 74,Pasay,3.3,8.421,5.021,0.6263,0.0,0.0,2.27,8.88,0.7185,753.6
Barangay 74,Caloocan,7.3,0.012,0.502,-0.2102,0.0,0.0,2.98,18.34,0.7447,1626.9
Barangay 75,Pasay,9.6,5.536,5.794,0.1403,0.0,0.0,2.65,8.27,0.7152,555.4
Barangay 75,Caloocan,5.0,0.112,0.495,-0.1759,0.0,0.0,1.34,17.31,0.7322,1608.5
Barangay 755,Manila,3.3,6.016,5.76,0.1388,0.0,0.0,0.79,6.77,0.7421,484.9
Barangay 756,Manila,2.7,5.796,7.604,-0.1996,0.0,0.0,1.44,7.35,0.7416,616.1
Barangay 757,Manila,1.3,5.223,4.881,0.0799,0.0,0.0,1.11,7.01,0.7332,739.9
Barangay 758,Manila,1.7,0.679,0.639,0.5213,0.0,0.0,0.84,6.82,0.736,877.0
Barangay 76,Caloocan,2.7,3.183,5.116,-0.3051,0.0,0.0,5.23,21.8,0.7013,1576.4
Barangay 760,Manila,2.9,2.9,0.022,0.3603,0.0,0.0,0.9,6.88,0.7491,715.4
Barangay 761,Manila,3.1,4.083,2.453,0.1504,0.0,0.0,1.29,7.16,0.748,576.1
Barangay 762,Manila,2.6,5.654,5.874,0.0144,0.0,0.0,1.35,6.95,0.7352,445.2
Barangay 77,Pasay,5.0,0.493,0.089,0.4628,0.0,0.0,3.61,7.88,0.7306,536.4
Barangay 77,Caloocan,5.9,0.792,1.917,-0.0671,0.0,0.0,2.92,20.74,0.7405,1411.8
Barangay 78,Pasay,4.1,0.843,0.0,0.1593,0.0,0.0,4.55,8.06,0.7234,494.9
Barangay 78,Caloocan,6.4,2.042,2.342,-0.3247,0.0,0.0,1.7,21.04,0.7438,1316.5
Barangay 79,Pasay,4.4,4.284,4.214,0.334,0.0,0.0,2.2,7.8,0.7259,656.9
Barangay 8,Pasay,2.4,7.562,4.7,0.467,0.0,0.0,2.54,8.48,0.7271,468.1
Barangay 8,Caloocan,29.8,1.902,0.962,0.2294,0.0,0.0,0.68,6.03,0.7183,630.0
Barangay 80,Pasay,2.5,6.96,8.429,-0.0262,0.0,0.0,3.19,8.79,0.7235,750.6
Barangay 80,Caloocan,31.7,8.618,5.305,0.2408,0.0,0.0,8.77,19.46,0.6634,1338.7
Barangay 81,Caloocan,6.8,1.993,5.204,-0.5435,0.0,0.0,1.44,21.42,0.7224,1324.1
Barangay 81,Pasay,1.7,9.447,6.932,0.3028,0.0,0.0,3.9,10.55,0.7348,806.0
Barangay 82,Caloocan,5.1,3.617,1.821,0.1866,0.0,0.0,5.68,17.48,0.7327,1195.8
Barangay 82,Pasay,0.8,0.0,3.205,-0.4136,0.0,0.0,1.8,8.41,0.7571,872.5
Barangay 83,Caloocan,6.1,3.493,2.459,0.1258,0.0,0.0,5.7,22.2,0.7451,1403.6
Barangay 83,Pasay,2.3,3.631,5.802,-0.3407,0.0,0.0,2.75,8.35,0.7469,755.3
Barangay 84,Caloocan,15.2,5.669,7.242,-0.594,0.0,0.0,3.71,22.57,0.7307,1348.5
Barangay 84,Pasay,1.5,0.0,3.205,-0.4136,0.0,0.0,2.88,8.5,0.7491,890.2
Barangay 85,Caloocan,4.9,1.837,1.6,0.113,0.0,0.0,5.22,22.3,0.7492,1528.7
Barangay 85,Pasay,4.4,6.075,3.034,0.6033,0.0,0.0,1.61,8.26,0.7351,882.7
Barangay 86,Caloocan,7.6,3.145,4.101,-0.17,0.0,0.0,1.62,21.62,0.731,1654.2
Barangay 86,Pasay,1.4,6.561,2.256,0.8305,0.0,0.0,1.8,8.45,0.7316,970.6
Barangay 87,Caloocan,8.4,1.522,2.644,0.0031,0.0,0.0,1.85,21.85,0.7452,1830.2
Barangay 87,Pasay,1.1,6.401,2.066,0.8517,0.0,0.0,1.58,8.38,0.7414,927.8
Barangay 873,Manila,2.4,4.21,4.636,-0.058,0.0,0.0,4.03,6.77,0.7259,269.7
Barangay 879,Manila,4.8,6.15,7.78,-0.2408,0.0,0.0,5.8,6.14,0.6378,129.4
Barangay 88,Caloocan,8.6,2.78,0.123,0.5348,0.0,0.0,5.28,23.12,0.7146,1802.6
Barangay 88,Pasay,3.3,8.98,5.313,0.3885,0.0,0.0,0.51,7.31,0.7135,748.1
Barangay 884,Manila,5.7,4.789,2.245,0.2289,0.0,0.0,2.8,6.8,0.737,245.6
Barangay 89,Caloocan,7.7,0.844,0.379,0.2803,0.0,0.0,1.35,21.35,0.7373,1995.7
Barangay 89,Pasay,1.6,6.772,4.059,0.2992,0.0,0.0,1.44,8.24,0.7327,885.8
Barangay 9,Pasay,1.4,7.531,4.733,0.4605,0.0,0.0,4.04,8.85,0.7119,448.6
Barangay 90,Caloocan,6.0,2.927,1.144,0.3445,0.0,0.0,3.56,21.16,0.7464,1967.0
Barangay 90,Pasay,2.0,6.811,4.823,0.2084,0.0,0.0,0.86,7.66,0.7392,847.1
Barangay 91,Caloocan,8.5,1.423,2.064,-0.0013,0.0,0.0,3.25,20.82,0.7416,2110.6
Barangay 91,Pasay,2.2,0.0,3.273,-0.1804,0.0,0.0,1.52,8.32,0.7305,770.2
Barangay 92,Caloocan,5.1,2.52,0.0,0.6811,0.0,0.0,2.46,22.46,0.7457,2125.5
Barangay 92,Pasay,2.2,0.0,2.971,-0.1619,0.0,0.0,2.42,8.93,0.7182,766.1
Barangay 93,Caloocan,5.9,0.943,0.0,0.4355,0.0,0.0,2.21,22.19,0.7445,2275.3
Barangay 93,Pasay,3.7,3.935,2.545,0.3222,0.0,0.0,1.89,8.68,0.7274,956.8
Barangay 94,Caloocan,5.1,0.073,0.931,-0.173,0.0,0.0,4.8,24.78,0.749,2038.5
Barangay 94,Pasay,2.9,4.742,2.613,0.3995,0.0,0.0,1.94,8.48,0.7325,1023.6
Barangay 95,Pasay,1.9,7.68,5.418,0.3242,0.0,0.0,2.12,8.31,0.7351,1060.4
Barangay 95,Caloocan,5.6,2.779,3.528,-0.3362,0.0,0.0,6.96,25.95,0.7396,2223.9
Barangay 96,Caloocan,9.3,3.133,0.47,0.3251,0.0,0.0,3.71,23.71,0.7301,2155.0
Barangay 96,Pasay,2.5,3.475,1.798,0.361,0.0,0.0,1.76,8.31,0.739,1089.6
Barangay 97,Caloocan,3.6,1.271,3.668,-0.3333,0.0,0.0,4.73,23.69,0.7448,2347.5
Barangay 97,Pasay,7.4,3.623,4.007,0.0464,0.0,0.0,2.55,8.23,0.7417,886.5
Barangay 98,Caloocan,2.7,2.308,4.562,-0.3121,0.0,0.0,4.99,24.75,0.7452,2432.7
Barangay 98,Pasay,4.5,1.033,5.192,-0.3362,0.0,0.0,2.15,7.75,0.7439,627.9
Barangay 99,Pasay,2.2,1.894,2.198,0.1747,0.0,0.0,1.98,7.58,0.7372,792.7
Barangay 99,Caloocan,4.8,7.308,3.006,0.2797,0.0,0.0,5.77,24.66,0.7182,2331.9
Barangka Drive,Mandaluyong,21.5,1.864,3.78,-0.0312,0.0,0.0,9.39,12.31,0.7425,468.7
Barangka Ibaba,Mandaluyong,15.6,5.564,3.097,0.328,0.0,0.0,7.53,10.6,0.6885,207.0
Barangka Itaas,Mandaluyong,18.4,3.353,4.32,-0.1409,0.0,0.0,13.27,16.15,0.7053,236.9
Batis,San Juan,37.9,6.253,6.522,-0.0438,0.0,0.0,3.85,9.13,0.7201,214.8
Bayanihan,Quezon City,6.7,4.944,6.86,-0.1151,0.0,0.0,10.38,51.8,0.7395,969.7
Bisig,Valenzuela,14.3,16.425,4.427,0.3591,0.0,0.0,1.01,3.21,0.5266,45.9
Blue Ridge A,Quezon City,26.0,12.879,13.426,-0.1146,0.0,0.0,37.7,45.62,0.7236,627.2
Blue Ridge B,Quezon City,14.2,14.721,14.816,0.0045,0.0,0.0,15.48,24.33,0.7091,364.1
Botocan,Quezon City,3.5,9.083,10.859,-0.093,0.0,0.0,3.06,48.93,0.7376,1889.9
Burol,Mandaluyong,2.2,7.572,3.984,0.4732,0.0,0.0,9.89,14.54,0.7446,407.9
Capri,Quezon City,9.5,5.49,3.709,0.0075,0.0,0.0,2.17,31.67,0.7236,4308.4
Cembo,Taguig,43.2,7.852,4.995,0.3573,0.0,0.0,8.06,13.19,0.6694,221.5
Claro,Quezon City,10.2,3.133,2.66,0.2865,0.0,0.0,1.77,46.2,0.7425,1976.6
Comembo,Taguig,31.5,4.094,5.079,0.1172,0.0,0.0,1.18,7.46,0.7255,1051.8
Commonwealth,Quezon City,306.2,8.448,8.926,-0.0568,0.0,0.0,11.48,75.96,0.7264,1274.4
Concepcion Dos,Marikina,196.6,7.826,7.751,0.0187,0.0,0.0,7.3,23.77,0.7386,2929.6
Concepcion Uno,Marikina,231.4,7.216,5.774,0.2432,0.0,0.0,2.51,15.64,0.7302,1232.6
Corazon de Jesus,San Juan,32.7,8.956,10.233,-0.1746,0.0,0.0,11.85,23.91,0.7217,915.5
Daang Bakal,Mandaluyong,17.2,6.269,4.833,0.2609,0.0,0.0,2.75,7.65,0.7272,239.6
Dalandanan,Valenzuela,155.6,4.229,2.207,-0.0595,0.0,0.0,2.74,6.53,0.6987,823.1
Damar,Quezon City,20.3,4.147,4.27,-0.2355,0.0,0.0,4.85,19.24,0.7435,3065.9
Damayan,Quezon City,21.3,6.045,5.411,0.0351,0.0,0.0,7.24,16.58,0.7386,1892.3
Daniel Fajardo,Las Pinas,28.5,7.194,4.053,0.8134,0.0,0.0,4.6,5.92,0.6029,316.2
Dasmariñas,Makati,192.4,12.416,12.392,0.2902,0.0,0.0,5.14,18.05,0.7132,855.6
Del Monte,Quezon City,54.2,5.278,8.137,-0.3465,0.0,0.0,9.11,19.65,0.7349,2472.4
Dioquino Zobel,Quezon City,3.2,5.54,7.684,0.0745,0.0,0.0,5.14,52.33,0.7454,1506.1
Don Manuel,Quezon City,24.2,4.009,2.934,0.1043,0.0,0.0,2.95,11.39,0.741,625.2
Doña Aurora,Quezon City,12.9,9.056,6.01,-0.0809,0.0,0.0,9.39,15.43,0.7391,914.9
Doña Josefa,Quezon City,28.1,5.406,2.351,0.3043,0.0,0.0,6.69,15.01,0.7359,724.2
Duyan-Duyan,Quezon City,16.0,4.976,3.041,0.2836,0.0,0.0,7.11,51.61,0.7337,1656.9
E. Rodriguez Sr.,Quezon City,65.5,5.413,4.155,0.1962,0.0,0.0,6.11,44.8,0.7362,1725.1
East Kamias,Quezon City,28.6,6.377,4.559,0.2619,0.0,0.0,3.92,43.95,0.7432,1867.8
East Rembo,Taguig,50.2,4.718,3.356,0.2204,0.0,0.0,9.28,14.83,0.7024,609.3
Elias Aldana,Las Pinas,45.6,10.089,9.693,0.2418,0.0,0.0,2.83,3.68,0.6021,255.1
Ermitaño,San Juan,10.3,6.949,4.34,0.3864,0.0,0.0,2.8,13.48,0.7375,838.6
Escopa I,Quezon City,1.0,4.517,4.187,0.0996,0.0,0.0,46.61,57.51,0.7397,867.6
Escopa II,Quezon City,2.1,8.918,12.419,-0.4475,0.0,0.0,38.42,49.32,0.7358,766.6
Escopa III,Quezon City,9.4,9.114,11.032,0.2068,0.0,0.0,39.28,53.46,0.7262,938.9
Escopa IV,Quezon City,1.7,8.841,11.493,-0.0338,0.0,0.0,41.81,52.71,0.7309,796.5
Greenhills,San Juan,188.6,6.945,5.201,0.172,0.0,0.0,4.62,30.65,0.7166,1023.4
Guadalupe Nuevo,Makati,58.5,4.55,3.349,0.3355,0.0,0.0,9.19,20.1,0.7283,590.3
Hagdang Bato Itaas,Mandaluyong,17.2,6.278,4.542,0.244,0.0,0.0,8.7,14.65,0.7345,764.0
Hagdang Bato Libis,Mandaluyong,15.1,7.502,5.077,0.3844,0.0,0.0,3.94,12.33,0.7296,1043.0
Harapin ang Bukas,Mandaluyong,5.0,4.649,2.051,0.4655,0.0,0.0,6.34,10.81,0.7421,329.7
Hulo,Mandaluyong,37.9,5.478,5.629,-0.0655,0.0,0.0,5.35,5.48,0.6082,83.9
Ilaya,Las Pinas,13.6,8.503,4.373,0.7796,0.0,0.0,4.32,5.37,0.6172,423.8
Immaculate Concepcion,Quezon City,51.1,7.104,6.546,0.0223,0.0,0.0,4.08,36.65,0.7342,940.8
Isabelita,San Juan,2.9,7.986,9.543,-0.6799,0.0,0.0,15.76,24.86,0.7305,853.6
Isla,Valenzuela,44.2,7.167,3.267,0.0365,0.0,0.0,0.7,2.84,0.5943,120.5
Kabayanan,San Juan,18.6,8.952,6.4,0.3328,0.0,0.0,2.77,9.67,0.7261,475.0
Kaligayahan,Quezon City,250.4,8.595,8.522,0.1099,0.0,0.0,10.5,66.27,0.7174,3105.1
Kamuning,Quezon City,43.6,7.765,7.873,-0.0232,0.0,0.0,4.34,31.56,0.7399,1436.4
Kapitolyo,Pasig,98.2,4.788,5.369,0.1173,0.0,0.0,24.37,35.3,0.7137,415.3
Kasilawan,Makati,10.7,6.083,3.328,0.2571,0.0,0.0,1.67,6.27,0.7219,398.2
Katipunan,Quezon City,12.7,9.306,6.154,0.455,0.0,0.0,1.36,15.97,0.7081,2701.7
Kristong Hari,Quezon City,34.4,12.373,10.989,0.059,0.0,0.0,6.99,24.34,0.7095,1182.4
Krus na Ligas,Quezon City,27.4,7.864,6.686,-0.0727,0.0,0.0,10.27,59.32,0.7247,1601.4
La Paz,Makati,26.0,1.591,0.975,0.0474,0.0,0.0,0.82,7.52,0.7356,949.7
Libis,Quezon City,11.2,12.22,12.731,-0.3525,0.0,0.0,7.72,16.09,0.6453,197.9
Little Baguio,San Juan,44.4,7.705,6.705,0.0268,0.0,0.0,5.6,24.49,0.7316,1234.9
Lourdes,Quezon City,75.9,7.409,5.268,-0.1555,0.0,0.0,6.95,15.09,0.7293,890.4
Mabolo,Valenzuela,11.1,6.314,5.087,-0.4443,0.0,0.0,1.83,3.83,0.6994,161.2
Magtanggol,Pateros,7.4,9.602,9.417,0.0163,0.0,0.0,1.06,6.46,0.7117,750.0
Maharlika,Quezon City,38.8,3.679,2.154,0.1365,0.0,0.0,4.29,15.24,0.739,1661.7
Maharlika Village,Taguig,45.6,6.146,6.453,0.0953,0.0,0.0,2.97,13.68,0.727,994.0
Malamig,Mandaluyong,31.3,5.263,3.352,0.2,0.0,0.0,16.71,25.43,0.7196,539.9
Malaya,Quezon City,14.3,9.973,9.408,0.1215,0.0,0.0,8.3,49.35,0.7386,1466.2
Mangga,Quezon City,8.2,4.848,4.687,0.2013,0.0,0.0,1.38,46.45,0.6753,2014.9
Manresa,Quezon City,82.7,1.69,1.423,-0.0186,0.0,0.0,5.93,18.52,0.7304,2527.5
Mariana,Quezon City,167.3,11.638,9.774,-0.0539,0.0,0.0,7.66,27.19,0.7284,729.2
Mariblo,Quezon City,13.8,6.086,3.67,0.0125,0.0,0.0,3.17,13.56,0.7375,1525.5
Martires del 96,Pateros,19.2,6.241,6.648,-0.0043,0.0,0.0,1.07,6.09,0.6917,1800.1
Masagana,Quezon City,16.3,4.916,3.413,0.2464,0.0,0.0,1.92,50.19,0.7458,1278.4
Masambong,Quezon City,34.8,3.601,3.314,0.0313,0.0,0.0,3.31,14.03,0.7371,2495.8
Mauway,Mandaluyong,69.7,14.958,14.272,-0.213,0.0,0.0,9.32,23.98,0.6958,1069.0
Maytunas,San Juan,20.5,9.262,8.715,0.0096,0.0,0.0,8.69,14.79,0.722,924.8
Milagrosa,Quezon City,27.3,5.35,4.661,0.0316,0.0,0.0,6.13,51.6,0.7389,1021.7
N.S. Amoranto,Quezon City,23.5,3.2,1.842,0.083,0.0,0.0,4.25,14.89,0.7381,1699.2
NBBS Dagat-Dagatan,Navotas,40.4,2.638,0.915,0.3019,0.0,0.0,0.85,6.31,0.6594,116.8
Nayong Kanluran,Quezon City,14.7,7.585,7.549,-0.1555,0.0,0.0,2.67,20.96,0.7353,2141.1
New Zañiga,Mandaluyong,17.4,5.775,6.317,-0.0363,0.0,0.0,3.3,8.2,0.7427,905.6
North Daang Hari,Taguig,12.7,8.872,9.514,-0.0522,0.0,0.0,14.89,32.56,0.7133,564.6
North Fairview,Quezon City,198.7,10.247,10.086,-0.1181,0.0,0.0,7.02,54.85,0.7299,910.6
Obrero,Quezon City,24.8,7.414,2.993,0.5211,0.0,0.0,9.31,25.17,0.7308,1482.6
Old Zañiga,Mandaluyong,33.3,10.302,6.512,0.0832,0.0,0.0,1.85,6.35,0.6591,511.0
Onse,San Juan,9.8,6.001,7.189,-0.3175,0.0,0.0,8.52,18.02,0.7409,862.8
Oranbo,Pasig,47.6,10.435,6.634,0.5027,0.0,0.0,26.14,43.05,0.6979,859.3
Paang Bundok,Quezon City,15.6,3.568,1.763,0.2066,0.0,0.0,4.1,10.63,0.7358,1371.9
Pag-ibig sa Nayon,Quezon City,36.9,4.498,1.783,0.2456,0.0,0.0,8.33,22.64,0.7362,2848.4
Palanan,Makati,65.3,3.568,2.712,0.2253,0.0,0.0,1.01,6.88,0.7393,850.9
Palasan,Valenzuela,29.3,5.682,1.527,0.1726,0.0,0.0,0.93,3.21,0.6871,236.4
Paltok,Quezon City,66.0,6.068,5.459,-0.0638,0.0,0.0,4.91,23.43,0.7382,2112.8
Pamplona Dos,Las Pinas,114.7,9.049,8.661,0.0786,0.0,0.0,2.42,12.88,0.7209,522.6
Paraiso,Quezon City,15.4,8.091,5.829,-0.1338,0.0,0.0,6.79,19.33,0.7378,1879.7
Pariancillo Villa,Valenzuela,9.2,10.325,6.786,-0.1577,0.0,0.0,0.71,3.25,0.6426,118.2
Pasadena,San Juan,24.8,9.623,9.442,-0.0099,0.0,0.0,5.46,21.41,0.7282,851.6
Payatas,Quezon City,374.2,12.103,12.057,-0.0295,0.0,0.0,17.7,61.5,0.6644,857.7
Pedro Cruz,San Juan,18.7,7.984,5.739,0.4576,0.0,0.0,10.63,17.35,0.7155,511.8
Pembo,Taguig,72.5,1.94,2.001,0.1126,0.0,0.0,6.43,13.59,0.7306,1425.1
Phil-Am,Quezon City,45.1,8.613,7.573,-0.0557,0.0,0.0,3.13,35.01,0.7202,1198.3
Pilar,Las Pinas,195.7,6.537,6.192,0.1056,0.0,0.0,4.85,37.37,0.7436,1961.8
Pinagkaisahan,Quezon City,33.5,7.068,5.508,0.0831,0.0,0.0,5.51,36.93,0.7399,1285.5
Pineda,Pasig,62.2,6.142,5.679,-0.0385,0.0,0.0,12.64,14.75,0.6245,173.3
Pio del Pilar,Makati,90.7,4.66,2.55,0.2695,0.0,0.0,2.73,9.0,0.7195,344.1
Pitogo,Taguig,17.0,4.08,2.334,0.4791,0.0,0.0,7.39,22.07,0.7278,469.7
Plainview,Mandaluyong,107.1,3.734,3.212,0.149,0.0,0.0,3.69,9.07,0.7379,672.9
Pleasant Hills,Mandaluyong,20.9,3.941,3.106,0.0319,0.0,0.0,8.04,21.54,0.7222,1013.5
Poblacion,Pateros,6.6,7.607,5.441,0.2995,0.0,0.0,2.86,8.16,0.7367,1305.6
Poblacion,Valenzuela,6.1,10.222,4.707,0.1966,0.0,0.0,1.91,3.97,0.7206,278.8
Poblacion,Mandaluyong,23.0,7.496,2.872,0.514,0.0,0.0,4.19,9.09,0.7352,597.1
Post Proper Northside,Taguig,5.8,6.104,4.066,0.3238,0.0,0.0,12.18,15.72,0.7106,310.9
Post Proper Southside,Taguig,11.2,19.436,21.574,-0.2723,0.0,0.0,10.78,31.14,0.6235,888.6
Progreso,San Juan,5.1,2.45,5.489,-0.2297,0.0,0.0,2.76,8.74,0.7206,94.6
Pulanglupa Dos,Las Pinas,205.5,5.309,5.36,0.0817,0.0,0.0,1.83,11.13,0.7316,1372.2
Pulo,Valenzuela,5.4,11.587,4.878,0.2895,0.0,0.0,0.39,3.35,0.6246,189.2
Quirino 2-A,Quezon City,16.7,3.076,4.985,-0.1303,0.0,0.0,4.04,46.01,0.7465,2166.5
Quirino 2-B,Quezon City,14.6,4.556,4.059,0.2462,0.0,0.0,4.33,47.18,0.7408,2115.4
Quirino 2-C,Quezon City,8.0,5.328,5.582,0.292,0.0,0.0,2.09,47.58,0.74,2060.4
Quirino 3-A,Quezon City,5.5,2.169,0.262,0.3706,0.0,0.0,2.99,46.48,0.7394,2006.6
Rincon,Valenzuela,41.9,6.88,2.43,0.421,0.0,0.0,2.59,5.12,0.7028,548.2
Rivera,San Juan,6.4,3.654,4.69,-0.3441,0.0,0.0,2.4,8.4,0.7058,135.9
Rizal,Taguig,72.5,3.182,1.579,0.3189,0.0,0.0,1.34,6.37,0.7342,2085.4
Roxas,Quezon City,45.9,8.444,7.266,-0.1082,0.0,0.0,5.36,16.41,0.7339,988.7
Sacred Heart,Quezon City,57.9,8.16,5.786,0.0575,0.0,0.0,12.09,37.9,0.7388,1777.5
Sagad,Pasig,10.7,5.77,4.368,0.2073,0.0,0.0,0.87,6.67,0.7138,545.7
Saint Ignatius,Quezon City,25.0,10.183,8.477,0.1669,0.0,0.0,31.84,42.01,0.734,574.2
Saint Joseph,San Juan,3.8,6.185,4.202,0.2166,0.0,0.0,15.26,24.76,0.729,1012.7
Saint Peter,Quezon City,26.9,2.871,1.047,0.0361,0.0,0.0,3.37,14.41,0.7464,1789.0
Salapan,San Juan,17.8,6.142,7.804,-0.198,0.0,0.0,2.56,10.21,0.7343,435.8
Salvacion,Quezon City,21.0,2.661,1.694,-0.02,0.0,0.0,3.05,10.09,0.7455,1111.9
San Agustin,Quezon City,104.9,11.046,10.788,-0.11,0.0,0.0,6.95,54.57,0.6984,3951.8
San Antonio,Makati,93.1,3.764,3.006,0.2193,0.0,0.0,1.52,8.16,0.7123,512.8
San Antonio,Pasig,73.2,9.498,5.586,0.3771,0.0,0.0,16.64,50.57,0.6778,365.0
San Isidro,Makati,47.6,2.204,1.94,0.2472,0.0,0.0,1.25,7.19,0.7319,884.0
San Isidro,Quezon City,12.0,2.583,1.342,0.0526,0.0,0.0,6.29,12.57,0.7486,1042.6
San Isidro Labrador,Quezon City,25.8,5.515,2.943,0.1689,0.0,0.0,2.89,9.93,0.742,736.6
San Jose,Quezon City,26.1,2.472,1.24,0.1201,0.0,0.0,5.48,19.15,0.7443,2344.6
San Jose,Mandaluyong,8.7,4.193,3.729,0.1129,0.0,0.0,5.27,9.59,0.7367,787.9
San Martin de Porres,Quezon City,21.1,5.006,5.433,0.027,0.0,0.0,5.48,42.63,0.7356,952.4
San Pedro,Pateros,9.0,9.401,8.844,-0.0985,0.0,0.0,1.67,7.24,0.7126,1042.0
San Perfecto,San Juan,8.3,4.081,3.942,0.0557,0.0,0.0,4.94,11.02,0.7258,282.9
San Roque,Quezon City,65.4,5.048,4.434,0.1176,0.0,0.0,6.52,52.38,0.7386,1797.0
San Roque,Pateros,16.5,5.839,5.924,0.0086,0.0,0.0,1.49,6.3,0.7184,1447.6
San Vicente,Quezon City,11.9,12.73,12.158,-0.2361,0.0,0.0,1.23,50.51,0.68,930.9
Sangandaan,Quezon City,91.1,6.663,5.514,-0.0026,0.0,0.0,5.1,31.03,0.7374,3400.0
Santa Ana,Pateros,58.3,5.355,4.764,0.1654,0.0,0.0,1.05,5.84,0.7082,1077.2
Santa Lucia,San Juan,31.7,10.526,9.623,0.0665,0.0,0.0,9.75,18.87,0.725,1021.9
Santa Lucia,Quezon City,66.1,8.027,7.753,0.0421,0.0,0.0,4.2,45.74,0.7356,2084.6
Santa Monica,Quezon City,166.6,10.099,10.11,-0.0305,0.0,0.0,4.65,45.95,0.7291,2447.8
Santa Teresita,Quezon City,34.8,5.055,2.334,0.1574,0.0,0.0,3.55,10.54,0.7355,306.4
Santo Niño,Quezon City,20.3,6.321,3.824,-0.0101,0.0,0.0,5.98,13.04,0.7406,886.7
Santo Rosario–Kanluran,Pateros,13.8,7.185,6.064,0.3803,0.0,0.0,1.19,6.79,0.7296,530.3
Santo Rosario–Silangan,Pateros,30.3,6.976,6.764,-0.0667,0.0,0.0,1.55,6.76,0.7102,491.7
Santol,Quezon City,44.2,7.214,6.837,-0.0551,0.0,0.0,4.39,11.2,0.7179,534.8
Sauyo,Quezon City,283.5,10.393,8.408,0.0763,0.0,0.0,6.7,50.97,0.7155,3160.7
Sienna,Quezon City,39.3,3.7,2.949,-0.0002,0.0,0.0,4.85,15.33,0.7401,1985.6
Sikatuna Village,Quezon City,40.8,6.978,6.255,-0.0929,0.0,0.0,9.11,51.64,0.7415,1519.8
Silangan,Quezon City,22.4,4.061,4.997,-0.0522,0.0,0.0,3.38,45.91,0.7437,2229.2
Singkamas,Makati,13.8,1.942,1.942,0.0023,0.0,0.0,1.41,7.81,0.7405,1024.3
Socorro,Quezon City,118.4,6.215,3.965,0.1578,0.0,0.0,9.35,49.29,0.6916,1656.3
South Cembo,Taguig,21.2,4.505,4.464,-0.0313,0.0,0.0,7.94,21.83,0.7292,605.5
South Daang Hari,Taguig,28.3,7.455,6.084,0.0078,0.0,0.0,14.97,23.04,0.7192,794.3
Sumilang,Pasig,10.9,6.984,7.738,-0.0677,0.0,0.0,4.32,6.29,0.6774,144.7
Tabacalera,Pateros,8.8,7.41,9.231,-0.2384,0.0,0.0,1.49,7.06,0.7277,731.1
Tagumpay,Quezon City,10.8,6.464,5.7,0.1802,0.0,0.0,2.03,48.34,0.7356,1691.2
Talon Dos,Las Pinas,420.4,6.565,6.882,0.0434,0.0,0.0,4.98,21.22,0.7344,1705.0
Talon Kuatro,Las Pinas,71.6,6.888,6.593,0.0858,0.0,0.0,2.73,24.64,0.7421,2263.2
Talon Singko,Las Pinas,165.0,5.313,5.732,0.0281,0.0,0.0,4.58,28.51,0.7416,2520.3
Talon Tres,Las Pinas,94.1,6.113,5.654,0.1048,0.0,0.0,3.51,22.83,0.687,2104.2
Tandang Sora,Quezon City,393.6,7.549,6.668,0.1033,0.0,0.0,9.0,47.06,0.7321,3205.7
Tanyag,Taguig,36.6,5.145,5.032,0.0409,0.0,0.0,18.39,30.7,0.7041,626.1
Teachers Village East,Quezon City,21.7,7.699,7.621,-0.0295,0.0,0.0,8.64,58.59,0.7257,1163.0
Teachers Village West,Quezon City,23.3,7.394,8.091,-0.1741,0.0,0.0,5.92,54.48,0.7336,948.9
Tejeros,Makati,28.6,3.339,2.561,0.0799,0.0,0.0,2.26,8.44,0.7357,839.3
Tibagan,San Juan,17.2,6.926,5.848,-0.0731,0.0,0.0,9.02,15.88,0.7365,594.8
Tuktukan,Taguig,31.6,4.692,4.104,0.0962,0.0,0.0,2.12,5.03,0.7144,1163.1
UP Village,Quezon City,38.9,10.321,11.273,-0.1516,0.0,0.0,7.7,55.9,0.7201,805.6
Upper Bicutan,Taguig,45.5,3.555,3.827,0.0987,0.0,0.0,10.63,23.69,0.7427,968.8
Urdaneta,Makati,74.6,17.015,12.984,0.6043,0.0,0.0,5.55,18.21,0.667,543.6
Valencia,Quezon City,43.5,9.446,9.826,-0.1021,0.0,0.0,4.86,23.2,0.7267,473.3
Vergara,Mandaluyong,19.8,10.292,7.144,0.3587,0.0,0.0,5.41,5.79,0.5921,133.8
Veterans Village,Quezon City,51.9,4.481,2.225,0.1983,0.0,0.0,5.88,28.97,0.737,1934.9
Villa Maria Clara,Quezon City,8.4,3.724,1.526,0.2782,0.0,0.0,1.51,50.62,0.7458,1049.8
Vitalez,Paranaque,21.0,4.257,3.18,0.576,0.0,0.0,1.61,8.36,0.7259,438.8
West Crame,San Juan,19.8,6.124,4.236,0.2591,0.0,0.0,8.17,37.61,0.733,1110.4
West Kamias,Quezon City,18.5,5.703,5.204,0.0847,0.0,0.0,2.15,39.31,0.7375,1806.9
West Triangle,Quezon City,68.5,7.029,7.035,-0.28,0.0,0.0,3.43,31.6,0.7169,1448.7
White Plains,Quezon City,57.1,11.381,10.173,0.1312,0.0,0.0,21.94,34.61,0.7263,784.1
Zapote,Las Pinas,65.1,4.636,4.142,0.1265,0.0,0.0,1.33,7.79,0.7274,355.9
